 +-----------------------------------------------------------------+
 +                         Program ANPHON                          +
 +                             Ver.  1.5.0                         +
 +-----------------------------------------------------------------+

 Job started at Sun Aug  4 23:45:55 2024

 The number of MPI processes: 1
 The number of OpenMP threads: 1


 Input variables:
 -----------------------------------------------------------------
 General:
  PREFIX = STO222
  MODE = PHONONS
  FCSXML = STO222.xml

  NKD = 3; KD =   Sr  Ti   O
  MASS = 
  NSYM = 0; TOLERANCE = 0.001; PRINTSYM = 0

  NONANALYTIC = 0

  TMIN = 300; TMAX = 300; DT = 10
  EMIN = 0; EMAX = 1000; DELTA_E = 10

  ISMEAR = -1; EPSILON = 10

  CLASSICAL = 0
  BCONNECT = 0


 Kpoint:
  KPMODE (1st entry for &kpoint) = 1


 Analysis:
  PRINTVEL = 0
  PRINTVEC = 0
  PRINTXSF = 0

  GRUNEISEN = 0
  NEWFCS = 0


 -----------------------------------------------------------------

                      MODE = phonons                         
                                                             
      Phonon calculation within harmonic approximation       
      Harmonic force constants will be used.                 

 -----------------------------------------------------------------

 Crystal structure
 =================

 Lattice Vectors:

 * Supercell (from STO222.xml )

    1.472600e+01   0.000000e+00   0.000000e+00 : a1
    0.000000e+00   1.472600e+01   0.000000e+00 : a2
    0.000000e+00   0.000000e+00   1.472600e+01 : a3

    4.266729e-01   0.000000e+00   0.000000e+00 : b1
    0.000000e+00   4.266729e-01   0.000000e+00 : b2
    0.000000e+00   0.000000e+00   4.266729e-01 : b3

 * Primitive cell 

    7.363000e+00   0.000000e+00   0.000000e+00 : a1
    0.000000e+00   7.363000e+00   0.000000e+00 : a2
    0.000000e+00   0.000000e+00   7.363000e+00 : a3

    8.533458e-01   0.000000e+00   0.000000e+00 : b1
    0.000000e+00   8.533458e-01   0.000000e+00 : b2
    0.000000e+00   0.000000e+00   8.533458e-01 : b3


  Volume of the primitive cell : 3.991760e+02 (a.u.)^3

  Number of atoms in the supercell     : 40
  Number of atoms in the primitive cell: 5

  Atomic positions in the primitive cell (fractional):
   1:   0.000000e+00   0.000000e+00   0.000000e+00  Sr
   2:   5.000000e-01   5.000000e-01   5.000000e-01  Ti
   3:   0.000000e+00   5.000000e-01   5.000000e-01   O
   4:   5.000000e-01   0.000000e+00   5.000000e-01   O
   5:   5.000000e-01   5.000000e-01   0.000000e+00   O

  Mass of atomic species (u):
  Sr:   87.620000
  Ti:   47.867000
   O:   15.999400


 Symmetry
 ========

  NSYM = 0 is given: Trying to find symmetry operations.

  Number of symmetry operations : 48
 k points
 ========

  KPMODE = 1: Band structure calculation
  Number of paths : 5

  List of k paths : 
   1:  G (  0.0000  0.0000  0.0000)  X (  0.5000  0.0000  0.0000)  51
   2:  X (  0.5000  0.0000  0.0000)  M (  0.5000  0.5000  0.0000)  51
   3:  M (  0.5000  0.5000  0.0000)  G (  0.0000  0.0000  0.0000)  51
   4:  G (  0.0000  0.0000  0.0000)  R (  0.5000  0.5000  0.5000)  51
   5:  R (  0.5000  0.5000  0.5000)  M (  0.5000  0.5000  0.0000)  51

  Number of k points : 255

 Force constant
 ==============

  Reading force constants from the XML file ... done !
  Number of non-zero IFCs for 2 order: 1593

  Maximum deviation from the translational invariance: 
   Order 2 :   1.4555e-16


 Dynamical matrix
 ================

  NONANALYTIC = 0 : No non-analytic correction. 


 -----------------------------------------------------------------


 ISMEAR = -1: Tetrahedron method will be used.

 Now, move on to phonon calculations.

 Diagonalizing dynamical matrices for all k points ... done!

 -----------------------------------------------------------------

 Phonon frequencies below:

 # k point     1 : (  0.0000,  0.0000,  0.0000)
   Mode, Frequency 
      1    -58.4905 cm^-1  (     -1.7535 THz )
      2    -58.4905 cm^-1  (     -1.7535 THz )
      3    -58.4905 cm^-1  (     -1.7535 THz )
      4      0.0000 cm^-1  (      0.0000 THz )
      5      0.0000 cm^-1  (      0.0000 THz )
      6      0.0000 cm^-1  (      0.0000 THz )
      7    158.2891 cm^-1  (      4.7454 THz )
      8    158.2891 cm^-1  (      4.7454 THz )
      9    158.2891 cm^-1  (      4.7454 THz )
     10    230.0395 cm^-1  (      6.8964 THz )
     11    230.0395 cm^-1  (      6.8964 THz )
     12    230.0395 cm^-1  (      6.8964 THz )
     13    534.4062 cm^-1  (     16.0211 THz )
     14    534.4062 cm^-1  (     16.0211 THz )
     15    534.4062 cm^-1  (     16.0211 THz )

 # k point     2 : (  0.0100,  0.0000,  0.0000)
   Mode, Frequency 
      1    -58.2407 cm^-1  (     -1.7460 THz )
      2    -58.2407 cm^-1  (     -1.7460 THz )
      3    -56.1825 cm^-1  (     -1.6843 THz )
      4      3.9256 cm^-1  (      0.1177 THz )
      5      3.9256 cm^-1  (      0.1177 THz )
      6      7.7700 cm^-1  (      0.2329 THz )
      7    158.2714 cm^-1  (      4.7449 THz )
      8    158.2714 cm^-1  (      4.7449 THz )
      9    158.5440 cm^-1  (      4.7530 THz )
     10    230.0880 cm^-1  (      6.8979 THz )
     11    230.0937 cm^-1  (      6.8980 THz )
     12    230.0937 cm^-1  (      6.8980 THz )
     13    534.3869 cm^-1  (     16.0205 THz )
     14    534.3869 cm^-1  (     16.0205 THz )
     15    534.5907 cm^-1  (     16.0266 THz )

 # k point     3 : (  0.0200,  0.0000,  0.0000)
   Mode, Frequency 
      1    -57.4929 cm^-1  (     -1.7236 THz )
      2    -57.4929 cm^-1  (     -1.7236 THz )
      3    -48.6534 cm^-1  (     -1.4586 THz )
      4      7.8934 cm^-1  (      0.2366 THz )
      5      7.8934 cm^-1  (      0.2366 THz )
      6     15.5442 cm^-1  (      0.4660 THz )
      7    158.2183 cm^-1  (      4.7433 THz )
      8    158.2183 cm^-1  (      4.7433 THz )
      9    159.3128 cm^-1  (      4.7761 THz )
     10    230.2332 cm^-1  (      6.9022 THz )
     11    230.2561 cm^-1  (      6.9029 THz )
     12    230.2561 cm^-1  (      6.9029 THz )
     13    534.3290 cm^-1  (     16.0188 THz )
     14    534.3290 cm^-1  (     16.0188 THz )
     15    535.1440 cm^-1  (     16.0432 THz )

 # k point     4 : (  0.0300,  0.0000,  0.0000)
   Mode, Frequency 
      1    -56.2527 cm^-1  (     -1.6864 THz )
      2    -56.2527 cm^-1  (     -1.6864 THz )
      3    -32.7714 cm^-1  (     -0.9825 THz )
      4     11.9475 cm^-1  (      0.3582 THz )
      5     11.9475 cm^-1  (      0.3582 THz )
      6     23.4664 cm^-1  (      0.7035 THz )
      7    158.1300 cm^-1  (      4.7406 THz )
      8    158.1300 cm^-1  (      4.7406 THz )
      9    160.6085 cm^-1  (      4.8149 THz )
     10    230.4743 cm^-1  (      6.9094 THz )
     11    230.5272 cm^-1  (      6.9110 THz )
     12    230.5272 cm^-1  (      6.9110 THz )
     13    534.2325 cm^-1  (     16.0159 THz )
     14    534.2325 cm^-1  (     16.0159 THz )
     15    536.0649 cm^-1  (     16.0708 THz )

 # k point     5 : (  0.0400,  0.0000,  0.0000)
   Mode, Frequency 
      1    -54.5316 cm^-1  (     -1.6348 THz )
      2    -54.5316 cm^-1  (     -1.6348 THz )
      3     16.1344 cm^-1  (      0.4837 THz )
      4     16.1344 cm^-1  (      0.4837 THz )
      5     23.0106 cm^-1  (      0.6898 THz )
      6     34.0172 cm^-1  (      1.0198 THz )
      7    158.0065 cm^-1  (      4.7369 THz )
      8    158.0065 cm^-1  (      4.7369 THz )
      9    162.4549 cm^-1  (      4.8703 THz )
     10    230.8102 cm^-1  (      6.9195 THz )
     11    230.9070 cm^-1  (      6.9224 THz )
     12    230.9070 cm^-1  (      6.9224 THz )
     13    534.0974 cm^-1  (     16.0118 THz )
     14    534.0974 cm^-1  (     16.0118 THz )
     15    537.3519 cm^-1  (     16.1094 THz )

 # k point     6 : (  0.0500,  0.0000,  0.0000)
   Mode, Frequency 
      1    -52.3506 cm^-1  (     -1.5694 THz )
      2    -52.3506 cm^-1  (     -1.5694 THz )
      3     20.5028 cm^-1  (      0.6147 THz )
      4     20.5028 cm^-1  (      0.6147 THz )
      5     36.0876 cm^-1  (      1.0819 THz )
      6     56.2704 cm^-1  (      1.6869 THz )
      7    157.8481 cm^-1  (      4.7322 THz )
      8    157.8481 cm^-1  (      4.7322 THz )
      9    164.8907 cm^-1  (      4.9433 THz )
     10    231.2390 cm^-1  (      6.9324 THz )
     11    231.3962 cm^-1  (      6.9371 THz )
     12    231.3962 cm^-1  (      6.9371 THz )
     13    533.9239 cm^-1  (     16.0066 THz )
     14    533.9239 cm^-1  (     16.0066 THz )
     15    539.0027 cm^-1  (     16.1589 THz )

 # k point     7 : (  0.0600,  0.0000,  0.0000)
   Mode, Frequency 
      1    -49.7448 cm^-1  (     -1.4913 THz )
      2    -49.7448 cm^-1  (     -1.4913 THz )
      3     25.1000 cm^-1  (      0.7525 THz )
      4     25.1000 cm^-1  (      0.7525 THz )
      5     43.5020 cm^-1  (      1.3042 THz )
      6     76.6804 cm^-1  (      2.2988 THz )
      7    157.6551 cm^-1  (      4.7264 THz )
      8    157.6551 cm^-1  (      4.7264 THz )
      9    167.9775 cm^-1  (      5.0358 THz )
     10    231.7585 cm^-1  (      6.9479 THz )
     11    231.9951 cm^-1  (      6.9550 THz )
     12    231.9951 cm^-1  (      6.9550 THz )
     13    533.7121 cm^-1  (     16.0003 THz )
     14    533.7121 cm^-1  (     16.0003 THz )
     15    541.0138 cm^-1  (     16.2192 THz )

 # k point     8 : (  0.0700,  0.0000,  0.0000)
   Mode, Frequency 
      1    -46.7656 cm^-1  (     -1.4020 THz )
      2    -46.7656 cm^-1  (     -1.4020 THz )
      3     29.9636 cm^-1  (      0.8983 THz )
      4     29.9636 cm^-1  (      0.8983 THz )
      5     50.2978 cm^-1  (      1.5079 THz )
      6     94.8524 cm^-1  (      2.8436 THz )
      7    157.4279 cm^-1  (      4.7196 THz )
      8    157.4279 cm^-1  (      4.7196 THz )
      9    171.8119 cm^-1  (      5.1508 THz )
     10    232.3662 cm^-1  (      6.9662 THz )
     11    232.7045 cm^-1  (      6.9763 THz )
     12    232.7045 cm^-1  (      6.9763 THz )
     13    533.4620 cm^-1  (     15.9928 THz )
     14    533.4620 cm^-1  (     15.9928 THz )
     15    543.3812 cm^-1  (     16.2902 THz )

 # k point     9 : (  0.0800,  0.0000,  0.0000)
   Mode, Frequency 
      1    -43.4769 cm^-1  (     -1.3034 THz )
      2    -43.4769 cm^-1  (     -1.3034 THz )
      3     35.1091 cm^-1  (      1.0525 THz )
      4     35.1091 cm^-1  (      1.0525 THz )
      5     56.7044 cm^-1  (      1.7000 THz )
      6    111.4310 cm^-1  (      3.3406 THz )
      7    157.1669 cm^-1  (      4.7117 THz )
      8    157.1669 cm^-1  (      4.7117 THz )
      9    176.5457 cm^-1  (      5.2927 THz )
     10    233.0589 cm^-1  (      6.9869 THz )
     11    233.5249 cm^-1  (      7.0009 THz )
     12    233.5249 cm^-1  (      7.0009 THz )
     13    533.1740 cm^-1  (     15.9842 THz )
     14    533.1740 cm^-1  (     15.9842 THz )
     15    546.0994 cm^-1  (     16.3716 THz )

 # k point    10 : (  0.0900,  0.0000,  0.0000)
   Mode, Frequency 
      1    -39.9413 cm^-1  (     -1.1974 THz )
      2    -39.9413 cm^-1  (     -1.1974 THz )
      3     40.5185 cm^-1  (      1.2147 THz )
      4     40.5185 cm^-1  (      1.2147 THz )
      5     62.7552 cm^-1  (      1.8814 THz )
      6    126.5284 cm^-1  (      3.7932 THz )
      7    156.8727 cm^-1  (      4.7029 THz )
      8    156.8727 cm^-1  (      4.7029 THz )
      9    182.4051 cm^-1  (      5.4684 THz )
     10    233.8331 cm^-1  (      7.0101 THz )
     11    234.4570 cm^-1  (      7.0288 THz )
     12    234.4570 cm^-1  (      7.0288 THz )
     13    532.8482 cm^-1  (     15.9744 THz )
     14    532.8482 cm^-1  (     15.9744 THz )
     15    549.1618 cm^-1  (     16.4635 THz )

 # k point    11 : (  0.1000,  0.0000,  0.0000)
   Mode, Frequency 
      1    -36.1952 cm^-1  (     -1.0851 THz )
      2    -36.1952 cm^-1  (     -1.0851 THz )
      3     46.1373 cm^-1  (      1.3832 THz )
      4     46.1373 cm^-1  (      1.3832 THz )
      5     68.4580 cm^-1  (      2.0523 THz )
      6    140.0042 cm^-1  (      4.1972 THz )
      7    156.5460 cm^-1  (      4.6931 THz )
      8    156.5460 cm^-1  (      4.6931 THz )
      9    189.6795 cm^-1  (      5.6864 THz )
     10    234.6851 cm^-1  (      7.0357 THz )
     11    235.5015 cm^-1  (      7.0602 THz )
     12    235.5015 cm^-1  (      7.0602 THz )
     13    532.4849 cm^-1  (     15.9635 THz )
     14    532.4849 cm^-1  (     15.9635 THz )
     15    552.5604 cm^-1  (     16.5653 THz )

 # k point    12 : (  0.1100,  0.0000,  0.0000)
   Mode, Frequency 
      1    -32.2204 cm^-1  (     -0.9659 THz )
      2    -32.2204 cm^-1  (     -0.9659 THz )
      3     51.8857 cm^-1  (      1.5555 THz )
      4     51.8857 cm^-1  (      1.5555 THz )
      5     73.8201 cm^-1  (      2.2131 THz )
      6    151.6684 cm^-1  (      4.5469 THz )
      7    156.1877 cm^-1  (      4.6824 THz )
      8    156.1877 cm^-1  (      4.6824 THz )
      9    198.6184 cm^-1  (      5.9544 THz )
     10    235.6106 cm^-1  (      7.0634 THz )
     11    236.6589 cm^-1  (      7.0949 THz )
     12    236.6589 cm^-1  (      7.0949 THz )
     13    532.0844 cm^-1  (     15.9515 THz )
     14    532.0844 cm^-1  (     15.9515 THz )
     15    556.2857 cm^-1  (     16.6770 THz )

 # k point    13 : (  0.1200,  0.0000,  0.0000)
   Mode, Frequency 
      1    -27.9146 cm^-1  (     -0.8369 THz )
      2    -27.9146 cm^-1  (     -0.8369 THz )
      3     57.6777 cm^-1  (      1.7291 THz )
      4     57.6777 cm^-1  (      1.7291 THz )
      5     78.8527 cm^-1  (      2.3639 THz )
      6    155.7988 cm^-1  (      4.6707 THz )
      7    155.7988 cm^-1  (      4.6707 THz )
      8    161.5162 cm^-1  (      4.8421 THz )
      9    209.2387 cm^-1  (      6.2728 THz )
     10    236.6051 cm^-1  (      7.0932 THz )
     11    237.9297 cm^-1  (      7.1330 THz )
     12    237.9297 cm^-1  (      7.1330 THz )
     13    531.6471 cm^-1  (     15.9384 THz )
     14    531.6471 cm^-1  (     15.9384 THz )
     15    560.3265 cm^-1  (     16.7982 THz )

 # k point    14 : (  0.1300,  0.0000,  0.0000)
   Mode, Frequency 
      1    -23.0376 cm^-1  (     -0.6907 THz )
      2    -23.0376 cm^-1  (     -0.6907 THz )
      3     63.4369 cm^-1  (      1.9018 THz )
      4     63.4369 cm^-1  (      1.9018 THz )
      5     83.5722 cm^-1  (      2.5054 THz )
      6    155.3807 cm^-1  (      4.6582 THz )
      7    155.3807 cm^-1  (      4.6582 THz )
      8    169.8278 cm^-1  (      5.0913 THz )
      9    221.2445 cm^-1  (      6.6327 THz )
     10    237.6639 cm^-1  (      7.1250 THz )
     11    239.3140 cm^-1  (      7.1745 THz )
     12    239.3140 cm^-1  (      7.1745 THz )
     13    531.1735 cm^-1  (     15.9242 THz )
     14    531.1735 cm^-1  (     15.9242 THz )
     15    564.6700 cm^-1  (     16.9284 THz )

 # k point    15 : (  0.1400,  0.0000,  0.0000)
   Mode, Frequency 
      1    -17.0066 cm^-1  (     -0.5098 THz )
      2    -17.0066 cm^-1  (     -0.5098 THz )
      3     69.1035 cm^-1  (      2.0717 THz )
      4     69.1035 cm^-1  (      2.0717 THz )
      5     87.9989 cm^-1  (      2.6381 THz )
      6    154.9348 cm^-1  (      4.6448 THz )
      7    154.9348 cm^-1  (      4.6448 THz )
      8    177.0208 cm^-1  (      5.3069 THz )
      9    234.1874 cm^-1  (      7.0208 THz )
     10    238.7820 cm^-1  (      7.1585 THz )
     11    240.8117 cm^-1  (      7.2194 THz )
     12    240.8117 cm^-1  (      7.2194 THz )
     13    530.6640 cm^-1  (     15.9089 THz )
     14    530.6640 cm^-1  (     15.9089 THz )
     15    569.3014 cm^-1  (     17.0672 THz )

 # k point    16 : (  0.1500,  0.0000,  0.0000)
   Mode, Frequency 
      1     -7.1645 cm^-1  (     -0.2148 THz )
      2     -7.1645 cm^-1  (     -0.2148 THz )
      3     74.6339 cm^-1  (      2.2375 THz )
      4     74.6339 cm^-1  (      2.2375 THz )
      5     92.1555 cm^-1  (      2.7628 THz )
      6    154.4632 cm^-1  (      4.6307 THz )
      7    154.4632 cm^-1  (      4.6307 THz )
      8    183.4605 cm^-1  (      5.5000 THz )
      9    239.9541 cm^-1  (      7.1936 THz )
     10    242.4224 cm^-1  (      7.2676 THz )
     11    242.4224 cm^-1  (      7.2676 THz )
     12    247.6623 cm^-1  (      7.4247 THz )
     13    530.1193 cm^-1  (     15.8926 THz )
     14    530.1193 cm^-1  (     15.8926 THz )
     15    574.2044 cm^-1  (     17.2142 THz )

 # k point    17 : (  0.1600,  0.0000,  0.0000)
   Mode, Frequency 
      1     13.6321 cm^-1  (      0.4087 THz )
      2     13.6321 cm^-1  (      0.4087 THz )
      3     79.9970 cm^-1  (      2.3983 THz )
      4     79.9970 cm^-1  (      2.3983 THz )
      5     96.0656 cm^-1  (      2.8800 THz )
      6    153.9682 cm^-1  (      4.6159 THz )
      7    153.9682 cm^-1  (      4.6159 THz )
      8    189.3945 cm^-1  (      5.6779 THz )
      9    241.1749 cm^-1  (      7.2302 THz )
     10    244.1450 cm^-1  (      7.3193 THz )
     11    244.1450 cm^-1  (      7.3193 THz )
     12    261.3786 cm^-1  (      7.8359 THz )
     13    529.5401 cm^-1  (     15.8752 THz )
     14    529.5401 cm^-1  (     15.8752 THz )
     15    579.3605 cm^-1  (     17.3688 THz )

 # k point    18 : (  0.1700,  0.0000,  0.0000)
   Mode, Frequency 
      1     20.6048 cm^-1  (      0.6177 THz )
      2     20.6048 cm^-1  (      0.6177 THz )
      3     85.1708 cm^-1  (      2.5534 THz )
      4     85.1708 cm^-1  (      2.5534 THz )
      5     99.7526 cm^-1  (      2.9905 THz )
      6    153.4528 cm^-1  (      4.6004 THz )
      7    153.4528 cm^-1  (      4.6004 THz )
      8    194.9704 cm^-1  (      5.8451 THz )
      9    242.4388 cm^-1  (      7.2681 THz )
     10    245.9781 cm^-1  (      7.3742 THz )
     11    245.9781 cm^-1  (      7.3742 THz )
     12    275.1448 cm^-1  (      8.2486 THz )
     13    528.9272 cm^-1  (     15.8568 THz )
     14    528.9272 cm^-1  (     15.8568 THz )
     15    584.7498 cm^-1  (     17.5304 THz )

 # k point    19 : (  0.1800,  0.0000,  0.0000)
   Mode, Frequency 
      1     25.8182 cm^-1  (      0.7740 THz )
      2     25.8182 cm^-1  (      0.7740 THz )
      3     90.1387 cm^-1  (      2.7023 THz )
      4     90.1387 cm^-1  (      2.7023 THz )
      5    103.2385 cm^-1  (      3.0950 THz )
      6    152.9208 cm^-1  (      4.5845 THz )
      7    152.9208 cm^-1  (      4.5845 THz )
      8    200.2706 cm^-1  (      6.0040 THz )
      9    243.7403 cm^-1  (      7.3071 THz )
     10    247.9194 cm^-1  (      7.4324 THz )
     11    247.9194 cm^-1  (      7.4324 THz )
     12    288.8364 cm^-1  (      8.6591 THz )
     13    528.2816 cm^-1  (     15.8375 THz )
     14    528.2816 cm^-1  (     15.8375 THz )
     15    590.3507 cm^-1  (     17.6983 THz )

 # k point    20 : (  0.1900,  0.0000,  0.0000)
   Mode, Frequency 
      1     30.2191 cm^-1  (      0.9059 THz )
      2     30.2191 cm^-1  (      0.9059 THz )
      3     94.8875 cm^-1  (      2.8447 THz )
      4     94.8875 cm^-1  (      2.8447 THz )
      5    106.5430 cm^-1  (      3.1941 THz )
      6    152.3771 cm^-1  (      4.5682 THz )
      7    152.3771 cm^-1  (      4.5682 THz )
      8    205.3391 cm^-1  (      6.1559 THz )
      9    245.0736 cm^-1  (      7.3471 THz )
     10    249.9659 cm^-1  (      7.4938 THz )
     11    249.9659 cm^-1  (      7.4938 THz )
     12    302.3704 cm^-1  (      9.0648 THz )
     13    527.6044 cm^-1  (     15.8172 THz )
     14    527.6044 cm^-1  (     15.8172 THz )
     15    596.1399 cm^-1  (     17.8718 THz )

 # k point    21 : (  0.2000,  0.0000,  0.0000)
   Mode, Frequency 
      1     34.1370 cm^-1  (      1.0234 THz )
      2     34.1370 cm^-1  (      1.0234 THz )
      3     99.4055 cm^-1  (      2.9801 THz )
      4     99.4055 cm^-1  (      2.9801 THz )
      5    109.6840 cm^-1  (      3.2882 THz )
      6    151.8279 cm^-1  (      4.5517 THz )
      7    151.8279 cm^-1  (      4.5517 THz )
      8    210.1981 cm^-1  (      6.3016 THz )
      9    246.4330 cm^-1  (      7.3879 THz )
     10    252.1135 cm^-1  (      7.5582 THz )
     11    252.1135 cm^-1  (      7.5582 THz )
     12    315.6891 cm^-1  (      9.4641 THz )
     13    526.8966 cm^-1  (     15.7960 THz )
     14    526.8966 cm^-1  (     15.7960 THz )
     15    602.0931 cm^-1  (     18.0503 THz )

 # k point    22 : (  0.2100,  0.0000,  0.0000)
   Mode, Frequency 
      1     37.7315 cm^-1  (      1.1312 THz )
      2     37.7315 cm^-1  (      1.1312 THz )
      3    103.6812 cm^-1  (      3.1083 THz )
      4    103.6812 cm^-1  (      3.1083 THz )
      5    112.6765 cm^-1  (      3.3780 THz )
      6    151.2813 cm^-1  (      4.5353 THz )
      7    151.2813 cm^-1  (      4.5353 THz )
      8    214.8582 cm^-1  (      6.4413 THz )
      9    247.8128 cm^-1  (      7.4292 THz )
     10    254.3574 cm^-1  (      7.6254 THz )
     11    254.3574 cm^-1  (      7.6254 THz )
     12    328.7506 cm^-1  (      9.8557 THz )
     13    526.1598 cm^-1  (     15.7739 THz )
     14    526.1598 cm^-1  (     15.7739 THz )
     15    608.1847 cm^-1  (     18.2329 THz )

 # k point    23 : (  0.2200,  0.0000,  0.0000)
   Mode, Frequency 
      1     41.0930 cm^-1  (      1.2319 THz )
      2     41.0930 cm^-1  (      1.2319 THz )
      3    107.7022 cm^-1  (      3.2288 THz )
      4    107.7022 cm^-1  (      3.2288 THz )
      5    115.5334 cm^-1  (      3.4636 THz )
      6    150.7480 cm^-1  (      4.5193 THz )
      7    150.7480 cm^-1  (      4.5193 THz )
      8    219.3239 cm^-1  (      6.5752 THz )
      9    249.2072 cm^-1  (      7.4710 THz )
     10    256.6917 cm^-1  (      7.6954 THz )
     11    256.6917 cm^-1  (      7.6954 THz )
     12    341.5230 cm^-1  (     10.2386 THz )
     13    525.3955 cm^-1  (     15.7510 THz )
     14    525.3955 cm^-1  (     15.7510 THz )
     15    614.3881 cm^-1  (     18.4189 THz )

 # k point    24 : (  0.2300,  0.0000,  0.0000)
   Mode, Frequency 
      1     44.2778 cm^-1  (      1.3274 THz )
      2     44.2778 cm^-1  (      1.3274 THz )
      3    111.4542 cm^-1  (      3.3413 THz )
      4    111.4542 cm^-1  (      3.3413 THz )
      5    118.2653 cm^-1  (      3.5455 THz )
      6    150.2420 cm^-1  (      4.5041 THz )
      7    150.2420 cm^-1  (      4.5041 THz )
      8    223.5968 cm^-1  (      6.7033 THz )
      9    250.6105 cm^-1  (      7.5131 THz )
     10    259.1093 cm^-1  (      7.7679 THz )
     11    259.1093 cm^-1  (      7.7679 THz )
     12    353.9809 cm^-1  (     10.6121 THz )
     13    524.6054 cm^-1  (     15.7273 THz )
     14    524.6054 cm^-1  (     15.7273 THz )
     15    620.6761 cm^-1  (     18.6074 THz )

 # k point    25 : (  0.2400,  0.0000,  0.0000)
   Mode, Frequency 
      1     47.3232 cm^-1  (      1.4187 THz )
      2     47.3232 cm^-1  (      1.4187 THz )
      3    114.9192 cm^-1  (      3.4452 THz )
      4    114.9192 cm^-1  (      3.4452 THz )
      5    120.8807 cm^-1  (      3.6239 THz )
      6    149.7821 cm^-1  (      4.4904 THz )
      7    149.7821 cm^-1  (      4.4904 THz )
      8    227.6778 cm^-1  (      6.8256 THz )
      9    252.0171 cm^-1  (      7.5553 THz )
     10    261.6021 cm^-1  (      7.8426 THz )
     11    261.6021 cm^-1  (      7.8426 THz )
     12    366.1036 cm^-1  (     10.9755 THz )
     13    523.7915 cm^-1  (     15.7029 THz )
     14    523.7915 cm^-1  (     15.7029 THz )
     15    627.0211 cm^-1  (     18.7976 THz )

 # k point    26 : (  0.2500,  0.0000,  0.0000)
   Mode, Frequency 
      1     50.2553 cm^-1  (      1.5066 THz )
      2     50.2553 cm^-1  (      1.5066 THz )
      3    118.0747 cm^-1  (      3.5398 THz )
      4    118.0747 cm^-1  (      3.5398 THz )
      5    123.3867 cm^-1  (      3.6990 THz )
      6    149.3926 cm^-1  (      4.4787 THz )
      7    149.3926 cm^-1  (      4.4787 THz )
      8    231.5675 cm^-1  (      6.9422 THz )
      9    253.4214 cm^-1  (      7.5974 THz )
     10    264.1610 cm^-1  (      7.9193 THz )
     11    264.1610 cm^-1  (      7.9193 THz )
     12    377.8733 cm^-1  (     11.3284 THz )
     13    522.9560 cm^-1  (     15.6778 THz )
     14    522.9560 cm^-1  (     15.6778 THz )
     15    633.3952 cm^-1  (     18.9887 THz )

 # k point    27 : (  0.2600,  0.0000,  0.0000)
   Mode, Frequency 
      1     53.0925 cm^-1  (      1.5917 THz )
      2     53.0925 cm^-1  (      1.5917 THz )
      3    120.8921 cm^-1  (      3.6243 THz )
      4    120.8921 cm^-1  (      3.6243 THz )
      5    125.7885 cm^-1  (      3.7710 THz )
      6    149.1049 cm^-1  (      4.4701 THz )
      7    149.1049 cm^-1  (      4.4701 THz )
      8    235.2668 cm^-1  (      7.0531 THz )
      9    254.8180 cm^-1  (      7.6393 THz )
     10    266.7757 cm^-1  (      7.9977 THz )
     11    266.7757 cm^-1  (      7.9977 THz )
     12    389.2748 cm^-1  (     11.6702 THz )
     13    522.1012 cm^-1  (     15.6522 THz )
     14    522.1012 cm^-1  (     15.6522 THz )
     15    639.7705 cm^-1  (     19.1798 THz )

 # k point    28 : (  0.2700,  0.0000,  0.0000)
   Mode, Frequency 
      1     55.8486 cm^-1  (      1.6743 THz )
      2     55.8486 cm^-1  (      1.6743 THz )
      3    123.3368 cm^-1  (      3.6975 THz )
      4    123.3368 cm^-1  (      3.6975 THz )
      5    128.0903 cm^-1  (      3.8401 THz )
      6    148.9571 cm^-1  (      4.4656 THz )
      7    148.9571 cm^-1  (      4.4656 THz )
      8    238.7776 cm^-1  (      7.1584 THz )
      9    256.2015 cm^-1  (      7.6807 THz )
     10    269.4352 cm^-1  (      8.0775 THz )
     11    269.4352 cm^-1  (      8.0775 THz )
     12    400.2944 cm^-1  (     12.0005 THz )
     13    521.2297 cm^-1  (     15.6261 THz )
     14    521.2297 cm^-1  (     15.6261 THz )
     15    646.1192 cm^-1  (     19.3702 THz )

 # k point    29 : (  0.2800,  0.0000,  0.0000)
   Mode, Frequency 
      1     58.5338 cm^-1  (      1.7548 THz )
      2     58.5338 cm^-1  (      1.7548 THz )
      3    125.3715 cm^-1  (      3.7585 THz )
      4    125.3715 cm^-1  (      3.7585 THz )
      5    130.2950 cm^-1  (      3.9061 THz )
      6    148.9909 cm^-1  (      4.4666 THz )
      7    148.9909 cm^-1  (      4.4666 THz )
      8    242.1020 cm^-1  (      7.2580 THz )
      9    257.5668 cm^-1  (      7.7217 THz )
     10    272.1272 cm^-1  (      8.1582 THz )
     11    272.1272 cm^-1  (      8.1582 THz )
     12    410.9199 cm^-1  (     12.3191 THz )
     13    520.3446 cm^-1  (     15.5995 THz )
     14    520.3446 cm^-1  (     15.5995 THz )
     15    652.4141 cm^-1  (     19.5589 THz )

 # k point    30 : (  0.2900,  0.0000,  0.0000)
   Mode, Frequency 
      1     61.1560 cm^-1  (      1.8334 THz )
      2     61.1560 cm^-1  (      1.8334 THz )
      3    126.9633 cm^-1  (      3.8063 THz )
      4    126.9633 cm^-1  (      3.8063 THz )
      5    132.4048 cm^-1  (      3.9694 THz )
      6    149.2440 cm^-1  (      4.4742 THz )
      7    149.2440 cm^-1  (      4.4742 THz )
      8    245.2430 cm^-1  (      7.3522 THz )
      9    258.9086 cm^-1  (      7.7619 THz )
     10    274.8392 cm^-1  (      8.2395 THz )
     11    274.8392 cm^-1  (      8.2395 THz )
     12    421.1404 cm^-1  (     12.6255 THz )
     13    519.4490 cm^-1  (     15.5727 THz )
     14    519.4490 cm^-1  (     15.5727 THz )
     15    658.6282 cm^-1  (     19.7452 THz )

 # k point    31 : (  0.3000,  0.0000,  0.0000)
   Mode, Frequency 
      1     63.7212 cm^-1  (      1.9103 THz )
      2     63.7212 cm^-1  (      1.9103 THz )
      3    128.0961 cm^-1  (      3.8402 THz )
      4    128.0961 cm^-1  (      3.8402 THz )
      5    134.4211 cm^-1  (      4.0298 THz )
      6    149.7379 cm^-1  (      4.4890 THz )
      7    149.7379 cm^-1  (      4.4890 THz )
      8    248.2039 cm^-1  (      7.4410 THz )
      9    260.2223 cm^-1  (      7.8013 THz )
     10    277.5575 cm^-1  (      8.3210 THz )
     11    277.5575 cm^-1  (      8.3210 THz )
     12    430.9456 cm^-1  (     12.9194 THz )
     13    518.5464 cm^-1  (     15.5456 THz )
     14    518.5464 cm^-1  (     15.5456 THz )
     15    664.7354 cm^-1  (     19.9283 THz )

 # k point    32 : (  0.3100,  0.0000,  0.0000)
   Mode, Frequency 
      1     66.2340 cm^-1  (      1.9856 THz )
      2     66.2340 cm^-1  (      1.9856 THz )
      3    128.7811 cm^-1  (      3.8608 THz )
      4    128.7811 cm^-1  (      3.8608 THz )
      5    136.3446 cm^-1  (      4.0875 THz )
      6    150.4670 cm^-1  (      4.5109 THz )
      7    150.4670 cm^-1  (      4.5109 THz )
      8    250.9883 cm^-1  (      7.5244 THz )
      9    261.5030 cm^-1  (      7.8397 THz )
     10    280.2683 cm^-1  (      8.4022 THz )
     11    280.2683 cm^-1  (      8.4022 THz )
     12    440.3263 cm^-1  (     13.2007 THz )
     13    517.6405 cm^-1  (     15.5185 THz )
     14    517.6405 cm^-1  (     15.5185 THz )
     15    670.7105 cm^-1  (     20.1074 THz )

 # k point    33 : (  0.3200,  0.0000,  0.0000)
   Mode, Frequency 
      1     68.6982 cm^-1  (      2.0595 THz )
      2     68.6982 cm^-1  (      2.0595 THz )
      3    129.0583 cm^-1  (      3.8691 THz )
      4    129.0583 cm^-1  (      3.8691 THz )
      5    138.1757 cm^-1  (      4.1424 THz )
      6    151.3973 cm^-1  (      4.5388 THz )
      7    151.3973 cm^-1  (      4.5388 THz )
      8    253.6001 cm^-1  (      7.6027 THz )
      9    262.7462 cm^-1  (      7.8769 THz )
     10    282.9572 cm^-1  (      8.4828 THz )
     11    282.9572 cm^-1  (      8.4828 THz )
     12    449.2738 cm^-1  (     13.4689 THz )
     13    516.7353 cm^-1  (     15.4913 THz )
     14    516.7353 cm^-1  (     15.4913 THz )
     15    676.5291 cm^-1  (     20.2818 THz )

 # k point    34 : (  0.3300,  0.0000,  0.0000)
   Mode, Frequency 
      1     71.1164 cm^-1  (      2.1320 THz )
      2     71.1164 cm^-1  (      2.1320 THz )
      3    128.9866 cm^-1  (      3.8669 THz )
      4    128.9866 cm^-1  (      3.8669 THz )
      5    139.9143 cm^-1  (      4.1945 THz )
      6    152.4762 cm^-1  (      4.5711 THz )
      7    152.4762 cm^-1  (      4.5711 THz )
      8    256.0435 cm^-1  (      7.6760 THz )
      9    263.9475 cm^-1  (      7.9129 THz )
     10    285.6097 cm^-1  (      8.5624 THz )
     11    285.6097 cm^-1  (      8.5624 THz )
     12    457.7802 cm^-1  (     13.7239 THz )
     13    515.8353 cm^-1  (     15.4644 THz )
     14    515.8353 cm^-1  (     15.4644 THz )
     15    682.1679 cm^-1  (     20.4509 THz )

 # k point    35 : (  0.3400,  0.0000,  0.0000)
   Mode, Frequency 
      1     73.4909 cm^-1  (      2.2032 THz )
      2     73.4909 cm^-1  (      2.2032 THz )
      3    128.6295 cm^-1  (      3.8562 THz )
      4    128.6295 cm^-1  (      3.8562 THz )
      5    141.5600 cm^-1  (      4.2439 THz )
      6    153.6462 cm^-1  (      4.6062 THz )
      7    153.6462 cm^-1  (      4.6062 THz )
      8    258.3225 cm^-1  (      7.7443 THz )
      9    265.1029 cm^-1  (      7.9476 THz )
     10    288.2111 cm^-1  (      8.6404 THz )
     11    288.2111 cm^-1  (      8.6404 THz )
     12    465.8381 cm^-1  (     13.9655 THz )
     13    514.9450 cm^-1  (     15.4377 THz )
     14    514.9450 cm^-1  (     15.4377 THz )
     15    687.6045 cm^-1  (     20.6139 THz )

 # k point    36 : (  0.3500,  0.0000,  0.0000)
   Mode, Frequency 
      1     75.8232 cm^-1  (      2.2731 THz )
      2     75.8232 cm^-1  (      2.2731 THz )
      3    128.0444 cm^-1  (      3.8387 THz )
      4    128.0444 cm^-1  (      3.8387 THz )
      5    143.1123 cm^-1  (      4.2904 THz )
      6    154.8564 cm^-1  (      4.6425 THz )
      7    154.8564 cm^-1  (      4.6425 THz )
      8    260.4411 cm^-1  (      7.8078 THz )
      9    266.2084 cm^-1  (      7.9807 THz )
     10    290.7466 cm^-1  (      8.7164 THz )
     11    290.7466 cm^-1  (      8.7164 THz )
     12    473.4407 cm^-1  (     14.1934 THz )
     13    514.0693 cm^-1  (     15.4114 THz )
     14    514.0693 cm^-1  (     15.4114 THz )
     15    692.8179 cm^-1  (     20.7702 THz )

 # k point    37 : (  0.3600,  0.0000,  0.0000)
   Mode, Frequency 
      1     78.1143 cm^-1  (      2.3418 THz )
      2     78.1143 cm^-1  (      2.3418 THz )
      3    127.2781 cm^-1  (      3.8157 THz )
      4    127.2781 cm^-1  (      3.8157 THz )
      5    144.5704 cm^-1  (      4.3341 THz )
      6    156.0658 cm^-1  (      4.6787 THz )
      7    156.0658 cm^-1  (      4.6787 THz )
      8    262.4034 cm^-1  (      7.8667 THz )
      9    267.2602 cm^-1  (      8.0123 THz )
     10    293.2017 cm^-1  (      8.7900 THz )
     11    293.2017 cm^-1  (      8.7900 THz )
     12    480.5815 cm^-1  (     14.4075 THz )
     13    513.2134 cm^-1  (     15.3857 THz )
     14    513.2134 cm^-1  (     15.3857 THz )
     15    697.7882 cm^-1  (     20.9192 THz )

 # k point    38 : (  0.3700,  0.0000,  0.0000)
   Mode, Frequency 
      1     80.3650 cm^-1  (      2.4093 THz )
      2     80.3650 cm^-1  (      2.4093 THz )
      3    126.3672 cm^-1  (      3.7884 THz )
      4    126.3672 cm^-1  (      3.7884 THz )
      5    145.9334 cm^-1  (      4.3750 THz )
      6    157.2441 cm^-1  (      4.7141 THz )
      7    157.2441 cm^-1  (      4.7141 THz )
      8    264.2131 cm^-1  (      7.9209 THz )
      9    268.2550 cm^-1  (      8.0421 THz )
     10    295.5619 cm^-1  (      8.8607 THz )
     11    295.5619 cm^-1  (      8.8607 THz )
     12    487.2548 cm^-1  (     14.6075 THz )
     13    512.3825 cm^-1  (     15.3608 THz )
     14    512.3825 cm^-1  (     15.3608 THz )
     15    702.4967 cm^-1  (     21.0603 THz )

 # k point    39 : (  0.3800,  0.0000,  0.0000)
   Mode, Frequency 
      1     82.5753 cm^-1  (      2.4755 THz )
      2     82.5753 cm^-1  (      2.4755 THz )
      3    125.3391 cm^-1  (      3.7576 THz )
      4    125.3391 cm^-1  (      3.7576 THz )
      5    147.2004 cm^-1  (      4.4130 THz )
      6    158.3698 cm^-1  (      4.7478 THz )
      7    158.3698 cm^-1  (      4.7478 THz )
      8    265.8739 cm^-1  (      7.9707 THz )
      9    269.1893 cm^-1  (      8.0701 THz )
     10    297.8133 cm^-1  (      8.9282 THz )
     11    297.8133 cm^-1  (      8.9282 THz )
     12    493.4550 cm^-1  (     14.7934 THz )
     13    511.5823 cm^-1  (     15.3369 THz )
     14    511.5823 cm^-1  (     15.3369 THz )
     15    706.9261 cm^-1  (     21.1931 THz )

 # k point    40 : (  0.3900,  0.0000,  0.0000)
   Mode, Frequency 
      1     84.7451 cm^-1  (      2.5406 THz )
      2     84.7451 cm^-1  (      2.5406 THz )
      3    124.2148 cm^-1  (      3.7239 THz )
      4    124.2148 cm^-1  (      3.7239 THz )
      5    148.3706 cm^-1  (      4.4480 THz )
      6    159.4278 cm^-1  (      4.7795 THz )
      7    159.4278 cm^-1  (      4.7795 THz )
      8    267.3891 cm^-1  (      8.0161 THz )
      9    270.0602 cm^-1  (      8.0962 THz )
     10    299.9422 cm^-1  (      8.9920 THz )
     11    299.9422 cm^-1  (      8.9920 THz )
     12    499.1773 cm^-1  (     14.9650 THz )
     13    510.8182 cm^-1  (     15.3139 THz )
     14    510.8182 cm^-1  (     15.3139 THz )
     15    711.0602 cm^-1  (     21.3170 THz )

 # k point    41 : (  0.4000,  0.0000,  0.0000)
   Mode, Frequency 
      1     86.8734 cm^-1  (      2.6044 THz )
      2     86.8734 cm^-1  (      2.6044 THz )
      3    123.0105 cm^-1  (      3.6878 THz )
      4    123.0105 cm^-1  (      3.6878 THz )
      5    149.4428 cm^-1  (      4.4802 THz )
      6    160.4080 cm^-1  (      4.8089 THz )
      7    160.4080 cm^-1  (      4.8089 THz )
      8    268.7620 cm^-1  (      8.0573 THz )
      9    270.8648 cm^-1  (      8.1203 THz )
     10    301.9355 cm^-1  (      9.0518 THz )
     11    301.9355 cm^-1  (      9.0518 THz )
     12    504.4170 cm^-1  (     15.1220 THz )
     13    510.0961 cm^-1  (     15.2923 THz )
     14    510.0961 cm^-1  (     15.2923 THz )
     15    714.8842 cm^-1  (     21.4317 THz )

 # k point    42 : (  0.4100,  0.0000,  0.0000)
   Mode, Frequency 
      1     88.9588 cm^-1  (      2.6669 THz )
      2     88.9588 cm^-1  (      2.6669 THz )
      3    121.7390 cm^-1  (      3.6496 THz )
      4    121.7390 cm^-1  (      3.6496 THz )
      5    150.4162 cm^-1  (      4.5094 THz )
      6    161.3036 cm^-1  (      4.8358 THz )
      7    161.3036 cm^-1  (      4.8358 THz )
      8    269.9954 cm^-1  (      8.0943 THz )
      9    271.6007 cm^-1  (      8.1424 THz )
     10    303.7807 cm^-1  (      9.1071 THz )
     11    303.7807 cm^-1  (      9.1071 THz )
     12    509.1701 cm^-1  (     15.2645 THz )
     13    509.4215 cm^-1  (     15.2721 THz )
     14    509.4215 cm^-1  (     15.2721 THz )
     15    718.3846 cm^-1  (     21.5366 THz )

 # k point    43 : (  0.4200,  0.0000,  0.0000)
   Mode, Frequency 
      1     90.9985 cm^-1  (      2.7281 THz )
      2     90.9985 cm^-1  (      2.7281 THz )
      3    120.4116 cm^-1  (      3.6098 THz )
      4    120.4116 cm^-1  (      3.6098 THz )
      5    151.2898 cm^-1  (      4.5356 THz )
      6    162.1101 cm^-1  (      4.8599 THz )
      7    162.1101 cm^-1  (      4.8599 THz )
      8    271.0920 cm^-1  (      8.1271 THz )
      9    272.2653 cm^-1  (      8.1623 THz )
     10    305.4662 cm^-1  (      9.1576 THz )
     11    305.4662 cm^-1  (      9.1576 THz )
     12    508.8001 cm^-1  (     15.2534 THz )
     13    508.8001 cm^-1  (     15.2534 THz )
     14    513.4328 cm^-1  (     15.3923 THz )
     15    721.5492 cm^-1  (     21.6315 THz )

 # k point    44 : (  0.4300,  0.0000,  0.0000)
   Mode, Frequency 
      1     92.9884 cm^-1  (      2.7877 THz )
      2     92.9884 cm^-1  (      2.7877 THz )
      3    119.0389 cm^-1  (      3.5687 THz )
      4    119.0389 cm^-1  (      3.5687 THz )
      5    152.0628 cm^-1  (      4.5587 THz )
      6    162.8247 cm^-1  (      4.8814 THz )
      7    162.8247 cm^-1  (      4.8814 THz )
      8    272.0540 cm^-1  (      8.1560 THz )
      9    272.8568 cm^-1  (      8.1800 THz )
     10    306.9810 cm^-1  (      9.2031 THz )
     11    306.9810 cm^-1  (      9.2031 THz )
     12    508.2371 cm^-1  (     15.2366 THz )
     13    508.2371 cm^-1  (     15.2366 THz )
     14    517.2017 cm^-1  (     15.5053 THz )
     15    724.3671 cm^-1  (     21.7160 THz )

 # k point    45 : (  0.4400,  0.0000,  0.0000)
   Mode, Frequency 
      1     94.9216 cm^-1  (      2.8457 THz )
      2     94.9216 cm^-1  (      2.8457 THz )
      3    117.6328 cm^-1  (      3.5265 THz )
      4    117.6328 cm^-1  (      3.5265 THz )
      5    152.7343 cm^-1  (      4.5789 THz )
      6    163.4456 cm^-1  (      4.9000 THz )
      7    163.4456 cm^-1  (      4.9000 THz )
      8    272.8836 cm^-1  (      8.1808 THz )
      9    273.3731 cm^-1  (      8.1955 THz )
     10    308.3152 cm^-1  (      9.2431 THz )
     11    308.3152 cm^-1  (      9.2431 THz )
     12    507.7376 cm^-1  (     15.2216 THz )
     13    507.7376 cm^-1  (     15.2216 THz )
     14    520.4741 cm^-1  (     15.6034 THz )
     15    726.8286 cm^-1  (     21.7898 THz )

 # k point    46 : (  0.4500,  0.0000,  0.0000)
   Mode, Frequency 
      1     96.7869 cm^-1  (      2.9016 THz )
      2     96.7869 cm^-1  (      2.9016 THz )
      3    116.2084 cm^-1  (      3.4838 THz )
      4    116.2084 cm^-1  (      3.4838 THz )
      5    153.3039 cm^-1  (      4.5959 THz )
      6    163.9717 cm^-1  (      4.9157 THz )
      7    163.9717 cm^-1  (      4.9157 THz )
      8    273.5825 cm^-1  (      8.2018 THz )
      9    273.8127 cm^-1  (      8.2087 THz )
     10    309.4600 cm^-1  (      9.2774 THz )
     11    309.4600 cm^-1  (      9.2774 THz )
     12    507.3063 cm^-1  (     15.2087 THz )
     13    507.3063 cm^-1  (     15.2087 THz )
     14    523.2472 cm^-1  (     15.6866 THz )
     15    728.9255 cm^-1  (     21.8526 THz )

 # k point    47 : (  0.4600,  0.0000,  0.0000)
   Mode, Frequency 
      1     98.5635 cm^-1  (      2.9549 THz )
      2     98.5635 cm^-1  (      2.9549 THz )
      3    114.7890 cm^-1  (      3.4413 THz )
      4    114.7890 cm^-1  (      3.4413 THz )
      5    153.7707 cm^-1  (      4.6099 THz )
      6    164.4025 cm^-1  (      4.9287 THz )
      7    164.4025 cm^-1  (      4.9287 THz )
      8    274.1524 cm^-1  (      8.2189 THz )
      9    274.1743 cm^-1  (      8.2195 THz )
     10    310.4076 cm^-1  (      9.3058 THz )
     11    310.4076 cm^-1  (      9.3058 THz )
     12    506.9473 cm^-1  (     15.1979 THz )
     13    506.9473 cm^-1  (     15.1979 THz )
     14    525.5191 cm^-1  (     15.7547 THz )
     15    730.6507 cm^-1  (     21.9044 THz )

 # k point    48 : (  0.4700,  0.0000,  0.0000)
   Mode, Frequency 
      1    100.2122 cm^-1  (      3.0043 THz )
      2    100.2122 cm^-1  (      3.0043 THz )
      3    113.4162 cm^-1  (      3.4001 THz )
      4    113.4162 cm^-1  (      3.4001 THz )
      5    154.1343 cm^-1  (      4.6208 THz )
      6    164.7377 cm^-1  (      4.9387 THz )
      7    164.7377 cm^-1  (      4.9387 THz )
      8    274.4566 cm^-1  (      8.2280 THz )
      9    274.5943 cm^-1  (      8.2321 THz )
     10    311.1515 cm^-1  (      9.3281 THz )
     11    311.1515 cm^-1  (      9.3281 THz )
     12    506.6643 cm^-1  (     15.1894 THz )
     13    506.6643 cm^-1  (     15.1894 THz )
     14    527.2879 cm^-1  (     15.8077 THz )
     15    731.9985 cm^-1  (     21.9448 THz )

 # k point    49 : (  0.4800,  0.0000,  0.0000)
   Mode, Frequency 
      1    101.6523 cm^-1  (      3.0475 THz )
      2    101.6523 cm^-1  (      3.0475 THz )
      3    112.1721 cm^-1  (      3.3628 THz )
      4    112.1721 cm^-1  (      3.3628 THz )
      5    154.3943 cm^-1  (      4.6286 THz )
      6    164.9771 cm^-1  (      4.9459 THz )
      7    164.9771 cm^-1  (      4.9459 THz )
      8    274.6589 cm^-1  (      8.2341 THz )
      9    274.9093 cm^-1  (      8.2416 THz )
     10    311.6865 cm^-1  (      9.3441 THz )
     11    311.6865 cm^-1  (      9.3441 THz )
     12    506.4600 cm^-1  (     15.1833 THz )
     13    506.4600 cm^-1  (     15.1833 THz )
     14    528.5523 cm^-1  (     15.8456 THz )
     15    732.9644 cm^-1  (     21.9737 THz )

 # k point    50 : (  0.4900,  0.0000,  0.0000)
   Mode, Frequency 
      1    102.7165 cm^-1  (      3.0794 THz )
      2    102.7165 cm^-1  (      3.0794 THz )
      3    111.2251 cm^-1  (      3.3344 THz )
      4    111.2251 cm^-1  (      3.3344 THz )
      5    154.5504 cm^-1  (      4.6333 THz )
      6    165.1208 cm^-1  (      4.9502 THz )
      7    165.1208 cm^-1  (      4.9502 THz )
      8    274.7806 cm^-1  (      8.2377 THz )
      9    275.0980 cm^-1  (      8.2472 THz )
     10    312.0091 cm^-1  (      9.3538 THz )
     11    312.0091 cm^-1  (      9.3538 THz )
     12    506.3365 cm^-1  (     15.1796 THz )
     13    506.3365 cm^-1  (     15.1796 THz )
     14    529.3113 cm^-1  (     15.8684 THz )
     15    733.5452 cm^-1  (     21.9911 THz )

 # k point    51 : (  0.5000,  0.0000,  0.0000)
   Mode, Frequency 
      1    103.1293 cm^-1  (      3.0917 THz )
      2    103.1293 cm^-1  (      3.0917 THz )
      3    110.8513 cm^-1  (      3.3232 THz )
      4    110.8513 cm^-1  (      3.3232 THz )
      5    154.6025 cm^-1  (      4.6349 THz )
      6    165.1686 cm^-1  (      4.9516 THz )
      7    165.1686 cm^-1  (      4.9516 THz )
      8    274.8212 cm^-1  (      8.2389 THz )
      9    275.1608 cm^-1  (      8.2491 THz )
     10    312.1169 cm^-1  (      9.3570 THz )
     11    312.1169 cm^-1  (      9.3570 THz )
     12    506.2952 cm^-1  (     15.1783 THz )
     13    506.2952 cm^-1  (     15.1783 THz )
     14    529.5644 cm^-1  (     15.8759 THz )
     15    733.7390 cm^-1  (     21.9969 THz )

 # k point    52 : (  0.5000,  0.0000,  0.0000)
   Mode, Frequency 
      1    103.1293 cm^-1  (      3.0917 THz )
      2    103.1293 cm^-1  (      3.0917 THz )
      3    110.8513 cm^-1  (      3.3232 THz )
      4    110.8513 cm^-1  (      3.3232 THz )
      5    154.6025 cm^-1  (      4.6349 THz )
      6    165.1686 cm^-1  (      4.9516 THz )
      7    165.1686 cm^-1  (      4.9516 THz )
      8    274.8212 cm^-1  (      8.2389 THz )
      9    275.1608 cm^-1  (      8.2491 THz )
     10    312.1169 cm^-1  (      9.3570 THz )
     11    312.1169 cm^-1  (      9.3570 THz )
     12    506.2952 cm^-1  (     15.1783 THz )
     13    506.2952 cm^-1  (     15.1783 THz )
     14    529.5644 cm^-1  (     15.8759 THz )
     15    733.7390 cm^-1  (     21.9969 THz )

 # k point    53 : (  0.5000,  0.0100,  0.0000)
   Mode, Frequency 
      1    103.1288 cm^-1  (      3.0917 THz )
      2    103.1321 cm^-1  (      3.0918 THz )
      3    110.8661 cm^-1  (      3.3237 THz )
      4    111.0516 cm^-1  (      3.3292 THz )
      5    155.0470 cm^-1  (      4.6482 THz )
      6    165.3423 cm^-1  (      4.9568 THz )
      7    165.3843 cm^-1  (      4.9581 THz )
      8    274.2527 cm^-1  (      8.2219 THz )
      9    275.0585 cm^-1  (      8.2460 THz )
     10    312.1235 cm^-1  (      9.3572 THz )
     11    312.7195 cm^-1  (      9.3751 THz )
     12    506.2709 cm^-1  (     15.1776 THz )
     13    506.3502 cm^-1  (     15.1800 THz )
     14    529.5274 cm^-1  (     15.8748 THz )
     15    733.7538 cm^-1  (     21.9974 THz )

 # k point    54 : (  0.5000,  0.0200,  0.0000)
   Mode, Frequency 
      1    103.1270 cm^-1  (      3.0917 THz )
      2    103.1401 cm^-1  (      3.0921 THz )
      3    110.9095 cm^-1  (      3.3250 THz )
      4    111.6151 cm^-1  (      3.3461 THz )
      5    156.3906 cm^-1  (      4.6885 THz )
      6    165.8623 cm^-1  (      4.9724 THz )
      7    166.0324 cm^-1  (      4.9775 THz )
      8    272.4184 cm^-1  (      8.1669 THz )
      9    274.9943 cm^-1  (      8.2441 THz )
     10    312.1435 cm^-1  (      9.3578 THz )
     11    314.4138 cm^-1  (      9.4259 THz )
     12    506.1979 cm^-1  (     15.1754 THz )
     13    506.5142 cm^-1  (     15.1849 THz )
     14    529.4166 cm^-1  (     15.8715 THz )
     15    733.7988 cm^-1  (     21.9987 THz )

 # k point    55 : (  0.5000,  0.0300,  0.0000)
   Mode, Frequency 
      1    103.1241 cm^-1  (      3.0916 THz )
      2    103.1531 cm^-1  (      3.0925 THz )
      3    110.9798 cm^-1  (      3.3271 THz )
      4    112.4415 cm^-1  (      3.3709 THz )
      5    158.6493 cm^-1  (      4.7562 THz )
      6    166.7252 cm^-1  (      4.9983 THz )
      7    167.1229 cm^-1  (      5.0102 THz )
      8    269.6231 cm^-1  (      8.0831 THz )
      9    274.9222 cm^-1  (      8.2420 THz )
     10    312.1767 cm^-1  (      9.3588 THz )
     11    316.9411 cm^-1  (      9.5017 THz )
     12    506.0762 cm^-1  (     15.1718 THz )
     13    506.7850 cm^-1  (     15.1930 THz )
     14    529.2321 cm^-1  (     15.8660 THz )
     15    733.8755 cm^-1  (     22.0010 THz )

 # k point    56 : (  0.5000,  0.0400,  0.0000)
   Mode, Frequency 
      1    103.1201 cm^-1  (      3.0915 THz )
      2    103.1704 cm^-1  (      3.0930 THz )
      3    111.0737 cm^-1  (      3.3299 THz )
      4    113.3975 cm^-1  (      3.3996 THz )
      5    161.7945 cm^-1  (      4.8505 THz )
      6    167.9255 cm^-1  (      5.0343 THz )
      7    168.7038 cm^-1  (      5.0576 THz )
      8    266.1472 cm^-1  (      7.9789 THz )
      9    274.8271 cm^-1  (      8.2391 THz )
     10    312.2229 cm^-1  (      9.3602 THz )
     11    320.0370 cm^-1  (      9.5945 THz )
     12    505.9059 cm^-1  (     15.1667 THz )
     13    507.1591 cm^-1  (     15.2042 THz )
     14    528.9745 cm^-1  (     15.8583 THz )
     15    733.9864 cm^-1  (     22.0044 THz )

 # k point    57 : (  0.5000,  0.0500,  0.0000)
   Mode, Frequency 
      1    103.1149 cm^-1  (      3.0913 THz )
      2    103.1912 cm^-1  (      3.0936 THz )
      3    111.1876 cm^-1  (      3.3333 THz )
      4    114.3544 cm^-1  (      3.4283 THz )
      5    165.6153 cm^-1  (      4.9650 THz )
      6    169.4556 cm^-1  (      5.0802 THz )
      7    170.9742 cm^-1  (      5.1257 THz )
      8    262.1965 cm^-1  (      7.8605 THz )
      9    274.7068 cm^-1  (      8.2355 THz )
     10    312.2820 cm^-1  (      9.3620 THz )
     11    323.4989 cm^-1  (      9.6983 THz )
     12    505.6869 cm^-1  (     15.1601 THz )
     13    507.6313 cm^-1  (     15.2184 THz )
     14    528.6443 cm^-1  (     15.8484 THz )
     15    734.1351 cm^-1  (     22.0088 THz )

 # k point    58 : (  0.5000,  0.0600,  0.0000)
   Mode, Frequency 
      1    103.1087 cm^-1  (      3.0911 THz )
      2    103.2143 cm^-1  (      3.0943 THz )
      3    111.3173 cm^-1  (      3.3372 THz )
      4    115.2161 cm^-1  (      3.4541 THz )
      5    169.4258 cm^-1  (      5.0793 THz )
      6    171.3052 cm^-1  (      5.1356 THz )
      7    174.5605 cm^-1  (      5.2332 THz )
      8    257.9103 cm^-1  (      7.7320 THz )
      9    274.5608 cm^-1  (      8.2311 THz )
     10    312.3538 cm^-1  (      9.3641 THz )
     11    327.1887 cm^-1  (      9.8089 THz )
     12    505.4193 cm^-1  (     15.1521 THz )
     13    508.1949 cm^-1  (     15.2353 THz )
     14    528.2424 cm^-1  (     15.8363 THz )
     15    734.3259 cm^-1  (     22.0145 THz )

 # k point    59 : (  0.5000,  0.0700,  0.0000)
   Mode, Frequency 
      1    103.1013 cm^-1  (      3.0909 THz )
      2    103.2384 cm^-1  (      3.0950 THz )
      3    111.4583 cm^-1  (      3.3414 THz )
      4    115.9297 cm^-1  (      3.4755 THz )
      5    172.5867 cm^-1  (      5.1740 THz )
      6    173.4622 cm^-1  (      5.2003 THz )
      7    179.9960 cm^-1  (      5.3961 THz )
      8    253.3803 cm^-1  (      7.5962 THz )
      9    274.3893 cm^-1  (      8.2260 THz )
     10    312.4380 cm^-1  (      9.3667 THz )
     11    331.0164 cm^-1  (      9.9236 THz )
     12    505.1030 cm^-1  (     15.1426 THz )
     13    508.8422 cm^-1  (     15.2547 THz )
     14    527.7695 cm^-1  (     15.8221 THz )
     15    734.5643 cm^-1  (     22.0217 THz )

 # k point    60 : (  0.5000,  0.0800,  0.0000)
   Mode, Frequency 
      1    103.0929 cm^-1  (      3.0906 THz )
      2    103.2619 cm^-1  (      3.0957 THz )
      3    111.6068 cm^-1  (      3.3459 THz )
      4    116.4789 cm^-1  (      3.4920 THz )
      5    175.4334 cm^-1  (      5.2594 THz )
      6    175.9124 cm^-1  (      5.2737 THz )
      7    186.8064 cm^-1  (      5.6003 THz )
      8    248.6672 cm^-1  (      7.4549 THz )
      9    274.1927 cm^-1  (      8.2201 THz )
     10    312.5342 cm^-1  (      9.3695 THz )
     11    334.9225 cm^-1  (     10.0407 THz )
     12    504.7382 cm^-1  (     15.1317 THz )
     13    509.5637 cm^-1  (     15.2763 THz )
     14    527.2270 cm^-1  (     15.8059 THz )
     15    734.8560 cm^-1  (     22.0304 THz )

 # k point    61 : (  0.5000,  0.0900,  0.0000)
   Mode, Frequency 
      1    103.0834 cm^-1  (      3.0904 THz )
      2    103.2830 cm^-1  (      3.0963 THz )
      3    111.7590 cm^-1  (      3.3505 THz )
      4    116.8714 cm^-1  (      3.5037 THz )
      5    178.2801 cm^-1  (      5.3447 THz )
      6    178.6397 cm^-1  (      5.3555 THz )
      7    194.5237 cm^-1  (      5.8317 THz )
      8    243.8121 cm^-1  (      7.3093 THz )
      9    273.9713 cm^-1  (      8.2135 THz )
     10    312.6420 cm^-1  (      9.3728 THz )
     11    338.8677 cm^-1  (     10.1590 THz )
     12    504.3248 cm^-1  (     15.1193 THz )
     13    510.3491 cm^-1  (     15.2999 THz )
     14    526.6160 cm^-1  (     15.7875 THz )
     15    735.2079 cm^-1  (     22.0410 THz )

 # k point    62 : (  0.5000,  0.1000,  0.0000)
   Mode, Frequency 
      1    103.0730 cm^-1  (      3.0901 THz )
      2    103.2997 cm^-1  (      3.0968 THz )
      3    111.9120 cm^-1  (      3.3550 THz )
      4    117.1257 cm^-1  (      3.5113 THz )
      5    181.2136 cm^-1  (      5.4326 THz )
      6    181.6265 cm^-1  (      5.4450 THz )
      7    202.9072 cm^-1  (      6.0830 THz )
      8    238.8439 cm^-1  (      7.1604 THz )
      9    273.7256 cm^-1  (      8.2061 THz )
     10    312.7610 cm^-1  (      9.3763 THz )
     11    342.8249 cm^-1  (     10.2776 THz )
     12    503.8629 cm^-1  (     15.1054 THz )
     13    511.1867 cm^-1  (     15.3250 THz )
     14    525.9378 cm^-1  (     15.7672 THz )
     15    735.6271 cm^-1  (     22.0535 THz )

 # k point    63 : (  0.5000,  0.1100,  0.0000)
   Mode, Frequency 
      1    103.0615 cm^-1  (      3.0897 THz )
      2    103.3095 cm^-1  (      3.0971 THz )
      3    112.0633 cm^-1  (      3.3596 THz )
      4    117.2638 cm^-1  (      3.5155 THz )
      5    184.2446 cm^-1  (      5.5235 THz )
      6    184.8544 cm^-1  (      5.5418 THz )
      7    211.8016 cm^-1  (      6.3497 THz )
      8    233.7838 cm^-1  (      7.0087 THz )
      9    273.4562 cm^-1  (      8.1980 THz )
     10    312.8907 cm^-1  (      9.3802 THz )
     11    346.7752 cm^-1  (     10.3961 THz )
     12    503.3527 cm^-1  (     15.0901 THz )
     13    512.0638 cm^-1  (     15.3513 THz )
     14    525.1942 cm^-1  (     15.7449 THz )
     15    736.1211 cm^-1  (     22.0684 THz )

 # k point    64 : (  0.5000,  0.1200,  0.0000)
   Mode, Frequency 
      1    103.0492 cm^-1  (      3.0893 THz )
      2    103.3099 cm^-1  (      3.0972 THz )
      3    112.2109 cm^-1  (      3.3640 THz )
      4    117.3067 cm^-1  (      3.5168 THz )
      5    187.3607 cm^-1  (      5.6169 THz )
      6    188.3038 cm^-1  (      5.6452 THz )
      7    221.0880 cm^-1  (      6.6281 THz )
      8    228.6479 cm^-1  (      6.8547 THz )
      9    273.1638 cm^-1  (      8.1892 THz )
     10    313.0306 cm^-1  (      9.3844 THz )
     11    350.7050 cm^-1  (     10.5139 THz )
     12    502.7944 cm^-1  (     15.0734 THz )
     13    512.9670 cm^-1  (     15.3784 THz )
     14    524.3866 cm^-1  (     15.7207 THz )
     15    736.6977 cm^-1  (     22.0856 THz )

 # k point    65 : (  0.5000,  0.1300,  0.0000)
   Mode, Frequency 
      1    103.0359 cm^-1  (      3.0889 THz )
      2    103.2981 cm^-1  (      3.0968 THz )
      3    112.3535 cm^-1  (      3.3683 THz )
      4    117.2726 cm^-1  (      3.5157 THz )
      5    190.5422 cm^-1  (      5.7123 THz )
      6    191.9548 cm^-1  (      5.7547 THz )
      7    223.4489 cm^-1  (      6.6988 THz )
      8    230.6692 cm^-1  (      6.9153 THz )
      9    272.8490 cm^-1  (      8.1798 THz )
     10    313.1802 cm^-1  (      9.3889 THz )
     11    354.6042 cm^-1  (     10.6308 THz )
     12    502.1881 cm^-1  (     15.0552 THz )
     13    513.8820 cm^-1  (     15.4058 THz )
     14    523.5170 cm^-1  (     15.6946 THz )
     15    737.3645 cm^-1  (     22.1056 THz )

 # k point    66 : (  0.5000,  0.1400,  0.0000)
   Mode, Frequency 
      1    103.0219 cm^-1  (      3.0885 THz )
      2    103.2709 cm^-1  (      3.0960 THz )
      3    112.4902 cm^-1  (      3.3724 THz )
      4    117.1765 cm^-1  (      3.5129 THz )
      5    193.7675 cm^-1  (      5.8090 THz )
      6    195.7874 cm^-1  (      5.8696 THz )
      7    218.1975 cm^-1  (      6.5414 THz )
      8    240.4636 cm^-1  (      7.2089 THz )
      9    272.5128 cm^-1  (      8.1697 THz )
     10    313.3387 cm^-1  (      9.3937 THz )
     11    358.4653 cm^-1  (     10.7465 THz )
     12    501.5340 cm^-1  (     15.0356 THz )
     13    514.7943 cm^-1  (     15.4331 THz )
     14    522.5873 cm^-1  (     15.6668 THz )
     15    738.1289 cm^-1  (     22.1285 THz )

 # k point    67 : (  0.5000,  0.1500,  0.0000)
   Mode, Frequency 
      1    103.0070 cm^-1  (      3.0881 THz )
      2    103.2249 cm^-1  (      3.0946 THz )
      3    112.6205 cm^-1  (      3.3763 THz )
      4    117.0308 cm^-1  (      3.5085 THz )
      5    197.0152 cm^-1  (      5.9064 THz )
      6    199.7816 cm^-1  (      5.9893 THz )
      7    212.9032 cm^-1  (      6.3827 THz )
      8    250.4024 cm^-1  (      7.5069 THz )
      9    272.1559 cm^-1  (      8.1590 THz )
     10    313.5057 cm^-1  (      9.3987 THz )
     11    362.2828 cm^-1  (     10.8610 THz )
     12    500.8326 cm^-1  (     15.0146 THz )
     13    515.6892 cm^-1  (     15.4600 THz )
     14    521.5993 cm^-1  (     15.6372 THz )
     15    738.9979 cm^-1  (     22.1546 THz )

 # k point    68 : (  0.5000,  0.1600,  0.0000)
   Mode, Frequency 
      1    102.9914 cm^-1  (      3.0876 THz )
      2    103.1562 cm^-1  (      3.0925 THz )
      3    112.7441 cm^-1  (      3.3800 THz )
      4    116.8453 cm^-1  (      3.5029 THz )
      5    200.2650 cm^-1  (      6.0038 THz )
      6    203.9178 cm^-1  (      6.1133 THz )
      7    207.5743 cm^-1  (      6.2229 THz )
      8    260.4264 cm^-1  (      7.8074 THz )
      9    271.7794 cm^-1  (      8.1477 THz )
     10    313.6804 cm^-1  (      9.4039 THz )
     11    366.0523 cm^-1  (     10.9740 THz )
     12    500.0843 cm^-1  (     14.9921 THz )
     13    516.5521 cm^-1  (     15.4858 THz )
     14    520.5554 cm^-1  (     15.6059 THz )
     15    739.9779 cm^-1  (     22.1840 THz )

 # k point    69 : (  0.5000,  0.1700,  0.0000)
   Mode, Frequency 
      1    102.9751 cm^-1  (      3.0871 THz )
      2    103.0603 cm^-1  (      3.0897 THz )
      3    112.8609 cm^-1  (      3.3835 THz )
      4    116.6281 cm^-1  (      3.4964 THz )
      5    202.2193 cm^-1  (      6.0624 THz )
      6    203.4985 cm^-1  (      6.1007 THz )
      7    208.1768 cm^-1  (      6.2410 THz )
      8    270.4848 cm^-1  (      8.1089 THz )
      9    271.3844 cm^-1  (      8.1359 THz )
     10    313.8621 cm^-1  (      9.4093 THz )
     11    369.7702 cm^-1  (     11.0854 THz )
     12    499.2895 cm^-1  (     14.9683 THz )
     13    517.3687 cm^-1  (     15.5103 THz )
     14    519.4575 cm^-1  (     15.5729 THz )
     15    741.0740 cm^-1  (     22.2168 THz )

 # k point    70 : (  0.5000,  0.1800,  0.0000)
   Mode, Frequency 
      1    102.9324 cm^-1  (      3.0858 THz )
      2    102.9582 cm^-1  (      3.0866 THz )
      3    112.9711 cm^-1  (      3.3868 THz )
      4    116.3858 cm^-1  (      3.4892 THz )
      5    196.8463 cm^-1  (      5.9013 THz )
      6    206.6989 cm^-1  (      6.1967 THz )
      7    212.5400 cm^-1  (      6.3718 THz )
      8    270.9718 cm^-1  (      8.1235 THz )
      9    280.5334 cm^-1  (      8.4102 THz )
     10    314.0501 cm^-1  (      9.4150 THz )
     11    373.4340 cm^-1  (     11.1953 THz )
     12    498.4490 cm^-1  (     14.9431 THz )
     13    518.1256 cm^-1  (     15.5330 THz )
     14    518.3080 cm^-1  (     15.5385 THz )
     15    742.2904 cm^-1  (     22.2533 THz )

 # k point    71 : (  0.5000,  0.1900,  0.0000)
   Mode, Frequency 
      1    102.7667 cm^-1  (      3.0809 THz )
      2    102.9408 cm^-1  (      3.0861 THz )
      3    113.0749 cm^-1  (      3.3899 THz )
      4    116.1238 cm^-1  (      3.4813 THz )
      5    191.4640 cm^-1  (      5.7399 THz )
      6    209.8516 cm^-1  (      6.2912 THz )
      7    216.9894 cm^-1  (      6.5052 THz )
      8    270.5431 cm^-1  (      8.1107 THz )
      9    290.5333 cm^-1  (      8.7100 THz )
     10    314.2436 cm^-1  (      9.4208 THz )
     11    377.0416 cm^-1  (     11.3034 THz )
     12    497.5634 cm^-1  (     14.9166 THz )
     13    517.1091 cm^-1  (     15.5025 THz )
     14    518.8102 cm^-1  (     15.5535 THz )
     15    743.6297 cm^-1  (     22.2935 THz )

 # k point    72 : (  0.5000,  0.2000,  0.0000)
   Mode, Frequency 
      1    102.5567 cm^-1  (      3.0746 THz )
      2    102.9228 cm^-1  (      3.0855 THz )
      3    113.1724 cm^-1  (      3.3928 THz )
      4    115.8468 cm^-1  (      3.4730 THz )
      5    186.0815 cm^-1  (      5.5786 THz )
      6    212.9436 cm^-1  (      6.3839 THz )
      7    221.5077 cm^-1  (      6.6406 THz )
      8    270.0995 cm^-1  (      8.0974 THz )
      9    300.4504 cm^-1  (      9.0073 THz )
     10    314.4419 cm^-1  (      9.4267 THz )
     11    380.5913 cm^-1  (     11.4098 THz )
     12    496.6338 cm^-1  (     14.8887 THz )
     13    515.8633 cm^-1  (     15.4652 THz )
     14    519.4112 cm^-1  (     15.5716 THz )
     15    745.0931 cm^-1  (     22.3373 THz )

 # k point    73 : (  0.5000,  0.2100,  0.0000)
   Mode, Frequency 
      1    102.2944 cm^-1  (      3.0667 THz )
      2    102.9044 cm^-1  (      3.0850 THz )
      3    113.2642 cm^-1  (      3.3956 THz )
      4    115.5586 cm^-1  (      3.4644 THz )
      5    180.7095 cm^-1  (      5.4175 THz )
      6    215.9641 cm^-1  (      6.4744 THz )
      7    226.0782 cm^-1  (      6.7777 THz )
      8    269.6424 cm^-1  (      8.0837 THz )
      9    310.2542 cm^-1  (      9.3012 THz )
     10    314.6442 cm^-1  (      9.4328 THz )
     11    384.0819 cm^-1  (     11.5145 THz )
     12    495.6612 cm^-1  (     14.8596 THz )
     13    514.5728 cm^-1  (     15.4265 THz )
     14    519.9191 cm^-1  (     15.5868 THz )
     15    746.6798 cm^-1  (     22.3849 THz )

 # k point    74 : (  0.5000,  0.2200,  0.0000)
   Mode, Frequency 
      1    101.9703 cm^-1  (      3.0570 THz )
      2    102.8857 cm^-1  (      3.0844 THz )
      3    113.3504 cm^-1  (      3.3982 THz )
      4    115.2627 cm^-1  (      3.4555 THz )
      5    175.3598 cm^-1  (      5.2572 THz )
      6    218.9037 cm^-1  (      6.5626 THz )
      7    230.6850 cm^-1  (      6.9158 THz )
      8    269.1734 cm^-1  (      8.0696 THz )
      9    314.8496 cm^-1  (      9.4390 THz )
     10    319.9177 cm^-1  (      9.5909 THz )
     11    387.5125 cm^-1  (     11.6173 THz )
     12    494.6470 cm^-1  (     14.8291 THz )
     13    513.2400 cm^-1  (     15.3865 THz )
     14    520.3257 cm^-1  (     15.5990 THz )
     15    748.3872 cm^-1  (     22.4361 THz )

 # k point    75 : (  0.5000,  0.2300,  0.0000)
   Mode, Frequency 
      1    101.5727 cm^-1  (      3.0451 THz )
      2    102.8667 cm^-1  (      3.0839 THz )
      3    113.4314 cm^-1  (      3.4006 THz )
      4    114.9620 cm^-1  (      3.4465 THz )
      5    170.0467 cm^-1  (      5.0979 THz )
      6    221.7548 cm^-1  (      6.6480 THz )
      7    235.3125 cm^-1  (      7.0545 THz )
      8    268.6940 cm^-1  (      8.0552 THz )
      9    315.0575 cm^-1  (      9.4452 THz )
     10    329.4162 cm^-1  (      9.8756 THz )
     11    390.8822 cm^-1  (     11.7184 THz )
     12    493.5926 cm^-1  (     14.7975 THz )
     13    511.8674 cm^-1  (     15.3454 THz )
     14    520.6249 cm^-1  (     15.6079 THz )
     15    750.2109 cm^-1  (     22.4908 THz )

 # k point    76 : (  0.5000,  0.2400,  0.0000)
   Mode, Frequency 
      1    101.0872 cm^-1  (      3.0305 THz )
      2    102.8475 cm^-1  (      3.0833 THz )
      3    113.5074 cm^-1  (      3.4029 THz )
      4    114.6591 cm^-1  (      3.4374 THz )
      5    164.7872 cm^-1  (      4.9402 THz )
      6    224.5113 cm^-1  (      6.7307 THz )
      7    239.9461 cm^-1  (      7.1934 THz )
      8    268.2059 cm^-1  (      8.0406 THz )
      9    315.2668 cm^-1  (      9.4515 THz )
     10    338.7277 cm^-1  (     10.1548 THz )
     11    394.1907 cm^-1  (     11.8175 THz )
     12    492.4999 cm^-1  (     14.7648 THz )
     13    510.4574 cm^-1  (     15.3031 THz )
     14    520.8128 cm^-1  (     15.6136 THz )
     15    752.1443 cm^-1  (     22.5487 THz )

 # k point    77 : (  0.5000,  0.2500,  0.0000)
   Mode, Frequency 
      1    100.4953 cm^-1  (      3.0128 THz )
      2    102.8282 cm^-1  (      3.0827 THz )
      3    113.5790 cm^-1  (      3.4050 THz )
      4    114.3565 cm^-1  (      3.4283 THz )
      5    159.6024 cm^-1  (      4.7848 THz )
      6    227.1682 cm^-1  (      6.8103 THz )
      7    244.5713 cm^-1  (      7.3321 THz )
      8    267.7108 cm^-1  (      8.0258 THz )
      9    315.4769 cm^-1  (      9.4578 THz )
     10    347.8319 cm^-1  (     10.4277 THz )
     11    397.4377 cm^-1  (     11.9149 THz )
     12    491.3708 cm^-1  (     14.7309 THz )
     13    509.0122 cm^-1  (     15.2598 THz )
     14    520.8870 cm^-1  (     15.6158 THz )
     15    754.1791 cm^-1  (     22.6097 THz )

 # k point    78 : (  0.5000,  0.2600,  0.0000)
   Mode, Frequency 
      1     99.7739 cm^-1  (      2.9911 THz )
      2    102.8088 cm^-1  (      3.0821 THz )
      3    113.6461 cm^-1  (      3.4070 THz )
      4    114.0562 cm^-1  (      3.4193 THz )
      5    154.5183 cm^-1  (      4.6323 THz )
      6    229.7217 cm^-1  (      6.8869 THz )
      7    249.1742 cm^-1  (      7.4701 THz )
      8    267.2108 cm^-1  (      8.0108 THz )
      9    315.6868 cm^-1  (      9.4641 THz )
     10    356.7105 cm^-1  (     10.6939 THz )
     11    400.6228 cm^-1  (     12.0104 THz )
     12    490.2078 cm^-1  (     14.6961 THz )
     13    507.5342 cm^-1  (     15.2155 THz )
     14    520.8475 cm^-1  (     15.6146 THz )
     15    756.3051 cm^-1  (     22.6735 THz )

 # k point    79 : (  0.5000,  0.2700,  0.0000)
   Mode, Frequency 
      1     98.8936 cm^-1  (      2.9648 THz )
      2    102.7894 cm^-1  (      3.0815 THz )
      3    113.7093 cm^-1  (      3.4089 THz )
      4    113.7601 cm^-1  (      3.4104 THz )
      5    149.5674 cm^-1  (      4.4839 THz )
      6    232.1692 cm^-1  (      6.9603 THz )
      7    253.7415 cm^-1  (      7.6070 THz )
      8    266.7076 cm^-1  (      7.9957 THz )
      9    315.8958 cm^-1  (      9.4703 THz )
     10    365.3467 cm^-1  (     10.9528 THz )
     11    403.7461 cm^-1  (     12.1040 THz )
     12    489.0135 cm^-1  (     14.6603 THz )
     13    506.0258 cm^-1  (     15.1703 THz )
     14    520.6960 cm^-1  (     15.6101 THz )
     15    758.5107 cm^-1  (     22.7396 THz )

 # k point    80 : (  0.5000,  0.2800,  0.0000)
   Mode, Frequency 
      1     97.8175 cm^-1  (      2.9325 THz )
      2    102.7701 cm^-1  (      3.0810 THz )
      3    113.4699 cm^-1  (      3.4017 THz )
      4    113.7685 cm^-1  (      3.4107 THz )
      5    144.7898 cm^-1  (      4.3407 THz )
      6    234.5088 cm^-1  (      7.0304 THz )
      7    258.2597 cm^-1  (      7.7424 THz )
      8    266.2033 cm^-1  (      7.9806 THz )
      9    316.1030 cm^-1  (      9.4765 THz )
     10    373.7250 cm^-1  (     11.2040 THz )
     11    406.8076 cm^-1  (     12.1958 THz )
     12    487.7911 cm^-1  (     14.6236 THz )
     13    504.4892 cm^-1  (     15.1242 THz )
     14    520.4363 cm^-1  (     15.6023 THz )
     15    760.7827 cm^-1  (     22.8077 THz )

 # k point    81 : (  0.5000,  0.2900,  0.0000)
   Mode, Frequency 
      1     96.5008 cm^-1  (      2.8930 THz )
      2    102.7510 cm^-1  (      3.0804 THz )
      3    113.1872 cm^-1  (      3.3933 THz )
      4    113.8242 cm^-1  (      3.4124 THz )
      5    140.2340 cm^-1  (      4.2041 THz )
      6    236.7391 cm^-1  (      7.0973 THz )
      7    262.7160 cm^-1  (      7.8760 THz )
      8    265.7000 cm^-1  (      7.9655 THz )
      9    316.3076 cm^-1  (      9.4827 THz )
     10    381.8313 cm^-1  (     11.4470 THz )
     11    409.8073 cm^-1  (     12.2857 THz )
     12    486.5441 cm^-1  (     14.5862 THz )
     13    502.9266 cm^-1  (     15.0774 THz )
     14    520.0734 cm^-1  (     15.5914 THz )
     15    763.1065 cm^-1  (     22.8774 THz )

 # k point    82 : (  0.5000,  0.3000,  0.0000)
   Mode, Frequency 
      1     94.8917 cm^-1  (      2.8448 THz )
      2    102.7322 cm^-1  (      3.0798 THz )
      3    112.9133 cm^-1  (      3.3851 THz )
      4    113.8764 cm^-1  (      3.4139 THz )
      5    135.9555 cm^-1  (      4.0758 THz )
      6    238.8598 cm^-1  (      7.1608 THz )
      7    265.1999 cm^-1  (      7.9505 THz )
      8    267.0975 cm^-1  (      8.0074 THz )
      9    316.5088 cm^-1  (      9.4887 THz )
     10    389.6524 cm^-1  (     11.6815 THz )
     11    412.7456 cm^-1  (     12.3738 THz )
     12    485.2766 cm^-1  (     14.5482 THz )
     13    501.3402 cm^-1  (     15.0298 THz )
     14    519.6141 cm^-1  (     15.5776 THz )
     15    765.4668 cm^-1  (     22.9481 THz )

 # k point    83 : (  0.5000,  0.3100,  0.0000)
   Mode, Frequency 
      1     92.9356 cm^-1  (      2.7861 THz )
      2    102.7137 cm^-1  (      3.0793 THz )
      3    112.6494 cm^-1  (      3.3771 THz )
      4    113.9253 cm^-1  (      3.4154 THz )
      5    132.0133 cm^-1  (      3.9577 THz )
      6    240.8706 cm^-1  (      7.2211 THz )
      7    264.7050 cm^-1  (      7.9357 THz )
      8    271.3914 cm^-1  (      8.1361 THz )
      9    316.7059 cm^-1  (      9.4946 THz )
     10    397.1765 cm^-1  (     11.9071 THz )
     11    415.6225 cm^-1  (     12.4600 THz )
     12    483.9928 cm^-1  (     14.5097 THz )
     13    499.7323 cm^-1  (     14.9816 THz )
     14    519.0662 cm^-1  (     15.5612 THz )
     15    767.8474 cm^-1  (     23.0195 THz )

 # k point    84 : (  0.5000,  0.3200,  0.0000)
   Mode, Frequency 
      1     90.5835 cm^-1  (      2.7156 THz )
      2    102.6955 cm^-1  (      3.0787 THz )
      3    112.3965 cm^-1  (      3.3696 THz )
      4    113.9712 cm^-1  (      3.4168 THz )
      5    128.4610 cm^-1  (      3.8512 THz )
      6    242.7718 cm^-1  (      7.2781 THz )
      7    264.2177 cm^-1  (      7.9210 THz )
      8    275.5851 cm^-1  (      8.2618 THz )
      9    316.8980 cm^-1  (      9.5004 THz )
     10    404.3924 cm^-1  (     12.1234 THz )
     11    418.4381 cm^-1  (     12.5445 THz )
     12    482.6981 cm^-1  (     14.4709 THz )
     13    498.1049 cm^-1  (     14.9328 THz )
     14    518.4388 cm^-1  (     15.5424 THz )
     15    770.2318 cm^-1  (     23.0910 THz )

 # k point    85 : (  0.5000,  0.3300,  0.0000)
   Mode, Frequency 
      1     87.8034 cm^-1  (      2.6323 THz )
      2    102.6779 cm^-1  (      3.0782 THz )
      3    112.1556 cm^-1  (      3.3623 THz )
      4    114.0140 cm^-1  (      3.4181 THz )
      5    125.3355 cm^-1  (      3.7575 THz )
      6    244.5638 cm^-1  (      7.3318 THz )
      7    263.7401 cm^-1  (      7.9067 THz )
      8    279.6656 cm^-1  (      8.3842 THz )
      9    317.0844 cm^-1  (      9.5060 THz )
     10    411.2900 cm^-1  (     12.3302 THz )
     11    421.1927 cm^-1  (     12.6270 THz )
     12    481.3978 cm^-1  (     14.4319 THz )
     13    496.4601 cm^-1  (     14.8835 THz )
     14    517.7416 cm^-1  (     15.5215 THz )
     15    772.6029 cm^-1  (     23.1621 THz )

 # k point    86 : (  0.5000,  0.3400,  0.0000)
   Mode, Frequency 
      1     84.5904 cm^-1  (      2.5360 THz )
      2    102.6608 cm^-1  (      3.0777 THz )
      3    111.9274 cm^-1  (      3.3555 THz )
      4    114.0539 cm^-1  (      3.4192 THz )
      5    122.6477 cm^-1  (      3.6769 THz )
      6    246.2476 cm^-1  (      7.3823 THz )
      7    263.2746 cm^-1  (      7.8928 THz )
      8    283.6200 cm^-1  (      8.5027 THz )
      9    317.2644 cm^-1  (      9.5113 THz )
     10    417.8602 cm^-1  (     12.5271 THz )
     11    423.8861 cm^-1  (     12.7078 THz )
     12    480.0984 cm^-1  (     14.3930 THz )
     13    494.8004 cm^-1  (     14.8337 THz )
     14    516.9849 cm^-1  (     15.4988 THz )
     15    774.9439 cm^-1  (     23.2322 THz )

 # k point    87 : (  0.5000,  0.3500,  0.0000)
   Mode, Frequency 
      1     80.9692 cm^-1  (      2.4274 THz )
      2    102.6444 cm^-1  (      3.0772 THz )
      3    111.7124 cm^-1  (      3.3491 THz )
      4    114.0910 cm^-1  (      3.4204 THz )
      5    120.3791 cm^-1  (      3.6089 THz )
      6    247.8238 cm^-1  (      7.4296 THz )
      7    262.8234 cm^-1  (      7.8792 THz )
      8    287.4353 cm^-1  (      8.6171 THz )
      9    317.4373 cm^-1  (      9.5165 THz )
     10    424.0943 cm^-1  (     12.7140 THz )
     11    426.5182 cm^-1  (     12.7867 THz )
     12    478.8068 cm^-1  (     14.3543 THz )
     13    493.1278 cm^-1  (     14.7836 THz )
     14    516.1796 cm^-1  (     15.4747 THz )
     15    777.2379 cm^-1  (     23.3010 THz )

 # k point    88 : (  0.5000,  0.3600,  0.0000)
   Mode, Frequency 
      1     76.9888 cm^-1  (      2.3081 THz )
      2    102.6287 cm^-1  (      3.0767 THz )
      3    111.5111 cm^-1  (      3.3430 THz )
      4    114.1254 cm^-1  (      3.4214 THz )
      5    118.4878 cm^-1  (      3.5522 THz )
      6    249.2934 cm^-1  (      7.4736 THz )
      7    262.3888 cm^-1  (      7.8662 THz )
      8    291.0981 cm^-1  (      8.7269 THz )
      9    317.6023 cm^-1  (      9.5215 THz )
     10    429.0886 cm^-1  (     12.8638 THz )
     11    429.9845 cm^-1  (     12.8906 THz )
     12    477.5304 cm^-1  (     14.3160 THz )
     13    491.4450 cm^-1  (     14.7332 THz )
     14    515.3366 cm^-1  (     15.4494 THz )
     15    779.4687 cm^-1  (     23.3679 THz )

 # k point    89 : (  0.5000,  0.3700,  0.0000)
   Mode, Frequency 
      1     72.7108 cm^-1  (      2.1798 THz )
      2    102.6137 cm^-1  (      3.0763 THz )
      3    111.3239 cm^-1  (      3.3374 THz )
      4    114.1572 cm^-1  (      3.4223 THz )
      5    116.9205 cm^-1  (      3.5052 THz )
      6    250.6573 cm^-1  (      7.5145 THz )
      7    261.9728 cm^-1  (      7.8537 THz )
      8    294.5949 cm^-1  (      8.8317 THz )
      9    317.7590 cm^-1  (      9.5262 THz )
     10    431.5963 cm^-1  (     12.9389 THz )
     11    435.5238 cm^-1  (     13.0567 THz )
     12    476.2775 cm^-1  (     14.2784 THz )
     13    489.7547 cm^-1  (     14.6825 THz )
     14    514.4671 cm^-1  (     15.4233 THz )
     15    781.6203 cm^-1  (     23.4324 THz )

 # k point    90 : (  0.5000,  0.3800,  0.0000)
   Mode, Frequency 
      1     68.1997 cm^-1  (      2.0446 THz )
      2    102.5995 cm^-1  (      3.0759 THz )
      3    111.1510 cm^-1  (      3.3322 THz )
      4    114.1865 cm^-1  (      3.4232 THz )
      5    115.6223 cm^-1  (      3.4663 THz )
      6    251.9165 cm^-1  (      7.5523 THz )
      7    261.5778 cm^-1  (      7.8419 THz )
      8    297.9120 cm^-1  (      8.9312 THz )
      9    317.9066 cm^-1  (      9.5306 THz )
     10    434.0400 cm^-1  (     13.0122 THz )
     11    440.7054 cm^-1  (     13.2120 THz )
     12    475.0570 cm^-1  (     14.2419 THz )
     13    488.0603 cm^-1  (     14.6317 THz )
     14    513.5823 cm^-1  (     15.3968 THz )
     15    783.6774 cm^-1  (     23.4941 THz )

 # k point    91 : (  0.5000,  0.3900,  0.0000)
   Mode, Frequency 
      1     63.5162 cm^-1  (      1.9042 THz )
      2    102.5863 cm^-1  (      3.0755 THz )
      3    110.9925 cm^-1  (      3.3275 THz )
      4    114.2132 cm^-1  (      3.4240 THz )
      5    114.5442 cm^-1  (      3.4339 THz )
      6    253.0719 cm^-1  (      7.5869 THz )
      7    261.2058 cm^-1  (      7.8308 THz )
      8    301.0354 cm^-1  (      9.0248 THz )
      9    318.0445 cm^-1  (      9.5347 THz )
     10    436.4175 cm^-1  (     13.0835 THz )
     11    445.5229 cm^-1  (     13.3564 THz )
     12    473.8785 cm^-1  (     14.2065 THz )
     13    486.3655 cm^-1  (     14.5809 THz )
     14    512.6933 cm^-1  (     15.3702 THz )
     15    785.6258 cm^-1  (     23.5525 THz )

 # k point    92 : (  0.5000,  0.4000,  0.0000)
   Mode, Frequency 
      1     58.7153 cm^-1  (      1.7602 THz )
      2    102.5740 cm^-1  (      3.0751 THz )
      3    110.8485 cm^-1  (      3.3232 THz )
      4    113.6452 cm^-1  (      3.4070 THz )
      5    114.2374 cm^-1  (      3.4248 THz )
      6    254.1243 cm^-1  (      7.6185 THz )
      7    260.8587 cm^-1  (      7.8203 THz )
      8    303.9510 cm^-1  (      9.1122 THz )
      9    318.1724 cm^-1  (      9.5386 THz )
     10    438.7253 cm^-1  (     13.1527 THz )
     11    449.9701 cm^-1  (     13.4898 THz )
     12    472.7519 cm^-1  (     14.1727 THz )
     13    484.6756 cm^-1  (     14.5302 THz )
     14    511.8114 cm^-1  (     15.3437 THz )
     15    787.4518 cm^-1  (     23.6072 THz )

 # k point    93 : (  0.5000,  0.4100,  0.0000)
   Mode, Frequency 
      1     53.8473 cm^-1  (      1.6143 THz )
      2    102.5627 cm^-1  (      3.0748 THz )
      3    110.7189 cm^-1  (      3.3193 THz )
      4    112.8934 cm^-1  (      3.3845 THz )
      5    114.2593 cm^-1  (      3.4254 THz )
      6    255.0744 cm^-1  (      7.6469 THz )
      7    260.5385 cm^-1  (      7.8107 THz )
      8    306.6446 cm^-1  (      9.1930 THz )
      9    318.2896 cm^-1  (      9.5421 THz )
     10    440.9584 cm^-1  (     13.2196 THz )
     11    454.0408 cm^-1  (     13.6118 THz )
     12    471.6877 cm^-1  (     14.1408 THz )
     13    482.9970 cm^-1  (     14.4799 THz )
     14    510.9480 cm^-1  (     15.3178 THz )
     15    789.1429 cm^-1  (     23.6579 THz )

 # k point    94 : (  0.5000,  0.4200,  0.0000)
   Mode, Frequency 
      1     48.9609 cm^-1  (      1.4678 THz )
      2    102.5524 cm^-1  (      3.0744 THz )
      3    110.6036 cm^-1  (      3.3158 THz )
      4    112.2638 cm^-1  (      3.3656 THz )
      5    114.2788 cm^-1  (      3.4260 THz )
      6    255.9229 cm^-1  (      7.6724 THz )
      7    260.2470 cm^-1  (      7.8020 THz )
      8    309.1022 cm^-1  (      9.2666 THz )
      9    318.3957 cm^-1  (      9.5453 THz )
     10    443.1091 cm^-1  (     13.2841 THz )
     11    457.7281 cm^-1  (     13.7223 THz )
     12    470.6968 cm^-1  (     14.1111 THz )
     13    481.3387 cm^-1  (     14.4302 THz )
     14    510.1148 cm^-1  (     15.2929 THz )
     15    790.6876 cm^-1  (     23.7042 THz )

 # k point    95 : (  0.5000,  0.4300,  0.0000)
   Mode, Frequency 
      1     44.1076 cm^-1  (      1.3223 THz )
      2    102.5433 cm^-1  (      3.0742 THz )
      3    110.5025 cm^-1  (      3.3128 THz )
      4    111.7382 cm^-1  (      3.3498 THz )
      5    114.2959 cm^-1  (      3.4265 THz )
      6    256.6704 cm^-1  (      7.6948 THz )
      7    259.9856 cm^-1  (      7.7942 THz )
      8    311.3100 cm^-1  (      9.3328 THz )
      9    318.4903 cm^-1  (      9.5481 THz )
     10    445.1662 cm^-1  (     13.3457 THz )
     11    461.0243 cm^-1  (     13.8212 THz )
     12    469.7898 cm^-1  (     14.0839 THz )
     13    479.7132 cm^-1  (     14.3814 THz )
     14    509.3244 cm^-1  (     15.2692 THz )
     15    792.0755 cm^-1  (     23.7458 THz )

 # k point    96 : (  0.5000,  0.4400,  0.0000)
   Mode, Frequency 
      1     39.3479 cm^-1  (      1.1796 THz )
      2    102.5353 cm^-1  (      3.0739 THz )
      3    110.4154 cm^-1  (      3.3102 THz )
      4    111.3026 cm^-1  (      3.3368 THz )
      5    114.3107 cm^-1  (      3.4269 THz )
      6    257.3173 cm^-1  (      7.7142 THz )
      7    259.7560 cm^-1  (      7.7873 THz )
      8    313.2550 cm^-1  (      9.3911 THz )
      9    318.5730 cm^-1  (      9.5506 THz )
     10    447.1128 cm^-1  (     13.4041 THz )
     11    463.9205 cm^-1  (     13.9080 THz )
     12    468.9774 cm^-1  (     14.0596 THz )
     13    478.1383 cm^-1  (     14.3342 THz )
     14    508.5900 cm^-1  (     15.2471 THz )
     15    793.2973 cm^-1  (     23.7825 THz )

 # k point    97 : (  0.5000,  0.4500,  0.0000)
   Mode, Frequency 
      1     34.7612 cm^-1  (      1.0421 THz )
      2    102.5284 cm^-1  (      3.0737 THz )
      3    110.3421 cm^-1  (      3.3080 THz )
      4    110.9470 cm^-1  (      3.3261 THz )
      5    114.3231 cm^-1  (      3.4273 THz )
      6    257.8641 cm^-1  (      7.7306 THz )
      7    259.5594 cm^-1  (      7.7814 THz )
      8    314.9246 cm^-1  (      9.4412 THz )
      9    318.6435 cm^-1  (      9.5527 THz )
     10    448.9239 cm^-1  (     13.4584 THz )
     11    466.4059 cm^-1  (     13.9825 THz )
     12    468.2699 cm^-1  (     14.0384 THz )
     13    476.6403 cm^-1  (     14.2893 THz )
     14    507.9264 cm^-1  (     15.2273 THz )
     15    794.3449 cm^-1  (     23.8139 THz )

 # k point    98 : (  0.5000,  0.4600,  0.0000)
   Mode, Frequency 
      1     30.4604 cm^-1  (      0.9132 THz )
      2    102.5228 cm^-1  (      3.0736 THz )
      3    110.2824 cm^-1  (      3.3062 THz )
      4    110.6641 cm^-1  (      3.3176 THz )
      5    114.3333 cm^-1  (      3.4276 THz )
      6    258.3110 cm^-1  (      7.7440 THz )
      7    259.3970 cm^-1  (      7.7765 THz )
      8    316.3076 cm^-1  (      9.4827 THz )
      9    318.7016 cm^-1  (      9.5544 THz )
     10    450.5620 cm^-1  (     13.5075 THz )
     11    467.6765 cm^-1  (     14.0206 THz )
     12    468.4683 cm^-1  (     14.0443 THz )
     13    475.2571 cm^-1  (     14.2479 THz )
     14    507.3497 cm^-1  (     15.2100 THz )
     15    795.2115 cm^-1  (     23.8398 THz )

 # k point    99 : (  0.5000,  0.4700,  0.0000)
   Mode, Frequency 
      1     26.6133 cm^-1  (      0.7978 THz )
      2    102.5184 cm^-1  (      3.0734 THz )
      3    110.2362 cm^-1  (      3.3048 THz )
      4    110.4486 cm^-1  (      3.3112 THz )
      5    114.3412 cm^-1  (      3.4279 THz )
      6    258.6584 cm^-1  (      7.7544 THz )
      7    259.2697 cm^-1  (      7.7727 THz )
      8    317.3942 cm^-1  (      9.5152 THz )
      9    318.7471 cm^-1  (      9.5558 THz )
     10    451.9730 cm^-1  (     13.5498 THz )
     11    467.2057 cm^-1  (     14.0065 THz )
     12    470.0937 cm^-1  (     14.0931 THz )
     13    474.0438 cm^-1  (     14.2115 THz )
     14    506.8765 cm^-1  (     15.1958 THz )
     15    795.8914 cm^-1  (     23.8602 THz )

 # k point   100 : (  0.5000,  0.4800,  0.0000)
   Mode, Frequency 
      1     23.4675 cm^-1  (      0.7035 THz )
      2    102.5152 cm^-1  (      3.0733 THz )
      3    110.2033 cm^-1  (      3.3038 THz )
      4    110.2970 cm^-1  (      3.3066 THz )
      5    114.3469 cm^-1  (      3.4280 THz )
      6    258.9064 cm^-1  (      7.7618 THz )
      7    259.1782 cm^-1  (      7.7700 THz )
      8    318.1763 cm^-1  (      9.5387 THz )
      9    318.7796 cm^-1  (      9.5568 THz )
     10    453.0826 cm^-1  (     13.5831 THz )
     11    466.8642 cm^-1  (     13.9962 THz )
     12    471.2680 cm^-1  (     14.1283 THz )
     13    473.0750 cm^-1  (     14.1824 THz )
     14    506.5234 cm^-1  (     15.1852 THz )
     15    796.3802 cm^-1  (     23.8749 THz )

 # k point   101 : (  0.5000,  0.4900,  0.0000)
   Mode, Frequency 
      1     21.3524 cm^-1  (      0.6401 THz )
      2    102.5133 cm^-1  (      3.0733 THz )
      3    110.1836 cm^-1  (      3.3032 THz )
      4    110.2069 cm^-1  (      3.3039 THz )
      5    114.3503 cm^-1  (      3.4281 THz )
      6    259.0552 cm^-1  (      7.7663 THz )
      7    259.1231 cm^-1  (      7.7683 THz )
      8    318.6481 cm^-1  (      9.5528 THz )
      9    318.7992 cm^-1  (      9.5574 THz )
     10    453.8025 cm^-1  (     13.6047 THz )
     11    466.6571 cm^-1  (     13.9900 THz )
     12    471.9786 cm^-1  (     14.1496 THz )
     13    472.4395 cm^-1  (     14.1634 THz )
     14    506.3049 cm^-1  (     15.1786 THz )
     15    796.6748 cm^-1  (     23.8837 THz )

 # k point   102 : (  0.5000,  0.5000,  0.0000)
   Mode, Frequency 
      1     20.5981 cm^-1  (      0.6175 THz )
      2    102.5127 cm^-1  (      3.0733 THz )
      3    110.1770 cm^-1  (      3.3030 THz )
      4    110.1770 cm^-1  (      3.3030 THz )
      5    114.3514 cm^-1  (      3.4282 THz )
      6    259.1047 cm^-1  (      7.7678 THz )
      7    259.1047 cm^-1  (      7.7678 THz )
      8    318.8058 cm^-1  (      9.5576 THz )
      9    318.8058 cm^-1  (      9.5576 THz )
     10    454.0535 cm^-1  (     13.6122 THz )
     11    466.5878 cm^-1  (     13.9879 THz )
     12    472.2166 cm^-1  (     14.1567 THz )
     13    472.2166 cm^-1  (     14.1567 THz )
     14    506.2309 cm^-1  (     15.1764 THz )
     15    796.7731 cm^-1  (     23.8867 THz )

 # k point   103 : (  0.5000,  0.5000,  0.0000)
   Mode, Frequency 
      1     20.5981 cm^-1  (      0.6175 THz )
      2    102.5127 cm^-1  (      3.0733 THz )
      3    110.1770 cm^-1  (      3.3030 THz )
      4    110.1770 cm^-1  (      3.3030 THz )
      5    114.3514 cm^-1  (      3.4282 THz )
      6    259.1047 cm^-1  (      7.7678 THz )
      7    259.1047 cm^-1  (      7.7678 THz )
      8    318.8058 cm^-1  (      9.5576 THz )
      9    318.8058 cm^-1  (      9.5576 THz )
     10    454.0535 cm^-1  (     13.6122 THz )
     11    466.5878 cm^-1  (     13.9879 THz )
     12    472.2166 cm^-1  (     14.1567 THz )
     13    472.2166 cm^-1  (     14.1567 THz )
     14    506.2309 cm^-1  (     15.1764 THz )
     15    796.7731 cm^-1  (     23.8867 THz )

 # k point   104 : (  0.4900,  0.4900,  0.0000)
   Mode, Frequency 
      1     22.0784 cm^-1  (      0.6619 THz )
      2    102.5136 cm^-1  (      3.0733 THz )
      3    110.2001 cm^-1  (      3.3037 THz )
      4    110.2271 cm^-1  (      3.3045 THz )
      5    114.3494 cm^-1  (      3.4281 THz )
      6    259.0539 cm^-1  (      7.7662 THz )
      7    259.0933 cm^-1  (      7.7674 THz )
      8    318.5501 cm^-1  (      9.5499 THz )
      9    318.7331 cm^-1  (      9.5554 THz )
     10    453.5526 cm^-1  (     13.5972 THz )
     11    466.7264 cm^-1  (     13.9921 THz )
     12    471.9943 cm^-1  (     14.1500 THz )
     13    472.4077 cm^-1  (     14.1624 THz )
     14    506.3789 cm^-1  (     15.1809 THz )
     15    796.5763 cm^-1  (     23.8808 THz )

 # k point   105 : (  0.4800,  0.4800,  0.0000)
   Mode, Frequency 
      1     25.9869 cm^-1  (      0.7791 THz )
      2    102.5130 cm^-1  (      3.0733 THz )
      3    110.2692 cm^-1  (      3.3058 THz )
      4    110.3811 cm^-1  (      3.3091 THz )
      5    114.3466 cm^-1  (      3.4280 THz )
      6    258.9014 cm^-1  (      7.7617 THz )
      7    259.0583 cm^-1  (      7.7664 THz )
      8    317.7864 cm^-1  (      9.5270 THz )
      9    318.5151 cm^-1  (      9.5488 THz )
     10    452.1240 cm^-1  (     13.5543 THz )
     11    467.1392 cm^-1  (     14.0045 THz )
     12    471.3331 cm^-1  (     14.1302 THz )
     13    472.9064 cm^-1  (     14.1774 THz )
     14    506.8153 cm^-1  (     15.1939 THz )
     15    795.9856 cm^-1  (     23.8630 THz )

 # k point   106 : (  0.4700,  0.4700,  0.0000)
   Mode, Frequency 
      1     31.3500 cm^-1  (      0.9398 THz )
      2    102.4999 cm^-1  (      3.0729 THz )
      3    110.3840 cm^-1  (      3.3092 THz )
      4    110.6510 cm^-1  (      3.3172 THz )
      5    114.3527 cm^-1  (      3.4282 THz )
      6    258.6477 cm^-1  (      7.7541 THz )
      7    258.9983 cm^-1  (      7.7646 THz )
      8    316.5238 cm^-1  (      9.4891 THz )
      9    318.1525 cm^-1  (      9.5380 THz )
     10    449.9317 cm^-1  (     13.4886 THz )
     11    467.8171 cm^-1  (     14.0248 THz )
     12    470.2485 cm^-1  (     14.0977 THz )
     13    473.5477 cm^-1  (     14.1966 THz )
     14    507.5191 cm^-1  (     15.2150 THz )
     15    795.0011 cm^-1  (     23.8335 THz )

 # k point   107 : (  0.4600,  0.4600,  0.0000)
   Mode, Frequency 
      1     37.4332 cm^-1  (      1.1222 THz )
      2    102.4571 cm^-1  (      3.0716 THz )
      3    110.5437 cm^-1  (      3.3140 THz )
      4    111.0580 cm^-1  (      3.3294 THz )
      5    114.3831 cm^-1  (      3.4291 THz )
      6    258.2935 cm^-1  (      7.7434 THz )
      7    258.9108 cm^-1  (      7.7620 THz )
      8    314.7774 cm^-1  (      9.4368 THz )
      9    317.6458 cm^-1  (      9.5228 THz )
     10    447.1370 cm^-1  (     13.4048 THz )
     11    468.7455 cm^-1  (     14.0526 THz )
     12    468.7612 cm^-1  (     14.0531 THz )
     13    474.1682 cm^-1  (     14.2152 THz )
     14    508.4603 cm^-1  (     15.2433 THz )
     15    793.6229 cm^-1  (     23.7922 THz )

 # k point   108 : (  0.4500,  0.4500,  0.0000)
   Mode, Frequency 
      1     43.7924 cm^-1  (      1.3129 THz )
      2    102.3613 cm^-1  (      3.0687 THz )
      3    110.7475 cm^-1  (      3.3201 THz )
      4    111.6344 cm^-1  (      3.3467 THz )
      5    114.4585 cm^-1  (      3.4314 THz )
      6    257.8394 cm^-1  (      7.7298 THz )
      7    258.7923 cm^-1  (      7.7584 THz )
      8    312.5662 cm^-1  (      9.3705 THz )
      9    316.9963 cm^-1  (      9.5033 THz )
     10    443.8601 cm^-1  (     13.3066 THz )
     11    466.8922 cm^-1  (     13.9971 THz )
     12    469.9056 cm^-1  (     14.0874 THz )
     13    474.6449 cm^-1  (     14.2295 THz )
     14    509.6055 cm^-1  (     15.2776 THz )
     15    791.8510 cm^-1  (     23.7391 THz )

 # k point   109 : (  0.4400,  0.4400,  0.0000)
   Mode, Frequency 
      1     50.1486 cm^-1  (      1.5034 THz )
      2    102.1856 cm^-1  (      3.0634 THz )
      3    110.9941 cm^-1  (      3.3275 THz )
      4    112.4258 cm^-1  (      3.3704 THz )
      5    114.6025 cm^-1  (      3.4357 THz )
      6    257.2864 cm^-1  (      7.7133 THz )
      7    258.6382 cm^-1  (      7.7538 THz )
      8    309.9128 cm^-1  (      9.2910 THz )
      9    316.2053 cm^-1  (      9.4796 THz )
     10    440.1823 cm^-1  (     13.1963 THz )
     11    464.6596 cm^-1  (     13.9301 THz )
     12    471.2755 cm^-1  (     14.1285 THz )
     13    474.8934 cm^-1  (     14.2369 THz )
     14    510.9209 cm^-1  (     15.3170 THz )
     15    789.6857 cm^-1  (     23.6742 THz )

 # k point   110 : (  0.4300,  0.4300,  0.0000)
   Mode, Frequency 
      1     56.3001 cm^-1  (      1.6878 THz )
      2    101.9024 cm^-1  (      3.0550 THz )
      3    111.2821 cm^-1  (      3.3362 THz )
      4    113.4933 cm^-1  (      3.4024 THz )
      5    114.8388 cm^-1  (      3.4428 THz )
      6    256.6352 cm^-1  (      7.6937 THz )
      7    258.4433 cm^-1  (      7.7479 THz )
      8    306.8416 cm^-1  (      9.1989 THz )
      9    315.2745 cm^-1  (      9.4517 THz )
     10    436.1581 cm^-1  (     13.0757 THz )
     11    462.0766 cm^-1  (     13.8527 THz )
     12    472.8315 cm^-1  (     14.1751 THz )
     13    474.8551 cm^-1  (     14.2358 THz )
     14    512.3752 cm^-1  (     15.3606 THz )
     15    787.1275 cm^-1  (     23.5975 THz )

 # k point   111 : (  0.4200,  0.4200,  0.0000)
   Mode, Frequency 
      1     62.0787 cm^-1  (      1.8611 THz )
      2    101.4878 cm^-1  (      3.0425 THz )
      3    111.6094 cm^-1  (      3.3460 THz )
      4    114.9130 cm^-1  (      3.4450 THz )
      5    115.1870 cm^-1  (      3.4532 THz )
      6    255.8865 cm^-1  (      7.6713 THz )
      7    258.2015 cm^-1  (      7.7407 THz )
      8    303.3781 cm^-1  (      9.0950 THz )
      9    314.2062 cm^-1  (      9.4197 THz )
     10    431.8250 cm^-1  (     12.9458 THz )
     11    459.1514 cm^-1  (     13.7650 THz )
     12    474.4879 cm^-1  (     14.2248 THz )
     13    474.5489 cm^-1  (     14.2266 THz )
     14    513.9396 cm^-1  (     15.4075 THz )
     15    784.1774 cm^-1  (     23.5090 THz )

 # k point   112 : (  0.4100,  0.4100,  0.0000)
   Mode, Frequency 
      1     67.3333 cm^-1  (      2.0186 THz )
      2    100.9241 cm^-1  (      3.0256 THz )
      3    111.9737 cm^-1  (      3.3569 THz )
      4    115.6599 cm^-1  (      3.4674 THz )
      5    116.7702 cm^-1  (      3.5007 THz )
      6    255.0406 cm^-1  (      7.6459 THz )
      7    257.9056 cm^-1  (      7.7318 THz )
      8    299.5478 cm^-1  (      8.9802 THz )
      9    313.0025 cm^-1  (      9.3836 THz )
     10    427.2102 cm^-1  (     12.8074 THz )
     11    455.8877 cm^-1  (     13.6672 THz )
     12    473.7599 cm^-1  (     14.2030 THz )
     13    476.4035 cm^-1  (     14.2822 THz )
     14    515.5878 cm^-1  (     15.4569 THz )
     15    780.8366 cm^-1  (     23.4089 THz )

 # k point   113 : (  0.4000,  0.4000,  0.0000)
   Mode, Frequency 
      1     71.9345 cm^-1  (      2.1565 THz )
      2    100.2016 cm^-1  (      3.0040 THz )
      3    112.3724 cm^-1  (      3.3688 THz )
      4    116.2619 cm^-1  (      3.4854 THz )
      5    119.1441 cm^-1  (      3.5718 THz )
      6    254.0979 cm^-1  (      7.6177 THz )
      7    257.5480 cm^-1  (      7.7211 THz )
      8    295.3751 cm^-1  (      8.8551 THz )
      9    311.6664 cm^-1  (      9.3435 THz )
     10    422.3342 cm^-1  (     12.6613 THz )
     11    452.2859 cm^-1  (     13.5592 THz )
     12    472.6451 cm^-1  (     14.1695 THz )
     13    478.3715 cm^-1  (     14.3412 THz )
     14    517.2960 cm^-1  (     15.5081 THz )
     15    777.1073 cm^-1  (     23.2971 THz )

 # k point   114 : (  0.3900,  0.3900,  0.0000)
   Mode, Frequency 
      1     75.7931 cm^-1  (      2.2722 THz )
      2     99.3175 cm^-1  (      2.9775 THz )
      3    112.8021 cm^-1  (      3.3817 THz )
      4    116.9899 cm^-1  (      3.5073 THz )
      5    122.0834 cm^-1  (      3.6600 THz )
      6    253.0582 cm^-1  (      7.5865 THz )
      7    257.1204 cm^-1  (      7.7083 THz )
      8    290.8838 cm^-1  (      8.7205 THz )
      9    310.2010 cm^-1  (      9.2996 THz )
     10    417.2135 cm^-1  (     12.5077 THz )
     11    448.3436 cm^-1  (     13.4410 THz )
     12    471.1216 cm^-1  (     14.1239 THz )
     13    480.4308 cm^-1  (     14.4030 THz )
     14    519.0417 cm^-1  (     15.5605 THz )
     15    772.9923 cm^-1  (     23.1737 THz )

 # k point   115 : (  0.3800,  0.3800,  0.0000)
   Mode, Frequency 
      1     78.8800 cm^-1  (      2.3648 THz )
      2     98.2745 cm^-1  (      2.9462 THz )
      3    113.2594 cm^-1  (      3.3954 THz )
      4    117.8356 cm^-1  (      3.5326 THz )
      5    125.5826 cm^-1  (      3.7649 THz )
      6    251.9214 cm^-1  (      7.5524 THz )
      7    256.6138 cm^-1  (      7.6931 THz )
      8    286.0958 cm^-1  (      8.5769 THz )
      9    308.6096 cm^-1  (      9.2519 THz )
     10    411.8619 cm^-1  (     12.3473 THz )
     11    444.0567 cm^-1  (     13.3125 THz )
     12    469.1701 cm^-1  (     14.0654 THz )
     13    482.5608 cm^-1  (     14.4668 THz )
     14    520.8041 cm^-1  (     15.6133 THz )
     15    768.4955 cm^-1  (     23.0389 THz )

 # k point   116 : (  0.3700,  0.3700,  0.0000)
   Mode, Frequency 
      1     81.2316 cm^-1  (      2.4353 THz )
      2     97.0776 cm^-1  (      2.9103 THz )
      3    113.7399 cm^-1  (      3.4098 THz )
      4    118.7875 cm^-1  (      3.5612 THz )
      5    129.5751 cm^-1  (      3.8846 THz )
      6    250.6871 cm^-1  (      7.5154 THz )
      7    256.0187 cm^-1  (      7.6752 THz )
      8    281.0314 cm^-1  (      8.4251 THz )
      9    306.8962 cm^-1  (      9.2005 THz )
     10    406.2911 cm^-1  (     12.1803 THz )
     11    439.4199 cm^-1  (     13.1735 THz )
     12    466.7733 cm^-1  (     13.9935 THz )
     13    484.7428 cm^-1  (     14.5322 THz )
     14    522.5636 cm^-1  (     15.6661 THz )
     15    763.6219 cm^-1  (     22.8928 THz )

 # k point   117 : (  0.3600,  0.3600,  0.0000)
   Mode, Frequency 
      1     82.9322 cm^-1  (      2.4862 THz )
      2     95.7334 cm^-1  (      2.8700 THz )
      3    114.2390 cm^-1  (      3.4248 THz )
      4    119.8326 cm^-1  (      3.5925 THz )
      5    133.9485 cm^-1  (      4.0157 THz )
      6    249.3553 cm^-1  (      7.4755 THz )
      7    255.3251 cm^-1  (      7.6545 THz )
      8    275.7095 cm^-1  (      8.2656 THz )
      9    305.0649 cm^-1  (      9.1456 THz )
     10    400.5120 cm^-1  (     12.0070 THz )
     11    434.4276 cm^-1  (     13.0238 THz )
     12    463.9151 cm^-1  (     13.9078 THz )
     13    486.9597 cm^-1  (     14.5987 THz )
     14    524.3014 cm^-1  (     15.7182 THz )
     15    758.3779 cm^-1  (     22.7356 THz )

 # k point   118 : (  0.3500,  0.3500,  0.0000)
   Mode, Frequency 
      1     84.0867 cm^-1  (      2.5209 THz )
      2     94.2483 cm^-1  (      2.8255 THz )
      3    114.7515 cm^-1  (      3.4402 THz )
      4    120.9579 cm^-1  (      3.6262 THz )
      5    138.5724 cm^-1  (      4.1543 THz )
      6    247.9263 cm^-1  (      7.4326 THz )
      7    254.5225 cm^-1  (      7.6304 THz )
      8    270.1472 cm^-1  (      8.0988 THz )
      9    303.1205 cm^-1  (      9.0873 THz )
     10    394.5347 cm^-1  (     11.8279 THz )
     11    429.0737 cm^-1  (     12.8633 THz )
     12    460.5808 cm^-1  (     13.8079 THz )
     13    489.1965 cm^-1  (     14.6657 THz )
     14    526.0003 cm^-1  (     15.7691 THz )
     15    752.7714 cm^-1  (     22.5675 THz )

 # k point   119 : (  0.3400,  0.3400,  0.0000)
   Mode, Frequency 
      1     84.7961 cm^-1  (      2.5421 THz )
      2     92.6283 cm^-1  (      2.7769 THz )
      3    115.2716 cm^-1  (      3.4558 THz )
      4    122.1506 cm^-1  (      3.6620 THz )
      5    143.3205 cm^-1  (      4.2966 THz )
      6    246.4012 cm^-1  (      7.3869 THz )
      7    253.5999 cm^-1  (      7.6027 THz )
      8    264.3602 cm^-1  (      7.9253 THz )
      9    301.0679 cm^-1  (      9.0258 THz )
     10    388.3688 cm^-1  (     11.6430 THz )
     11    423.3524 cm^-1  (     12.6918 THz )
     12    456.7564 cm^-1  (     13.6932 THz )
     13    491.4397 cm^-1  (     14.7330 THz )
     14    527.6439 cm^-1  (     15.8184 THz )
     15    746.8123 cm^-1  (     22.3889 THz )

 # k point   120 : (  0.3300,  0.3300,  0.0000)
   Mode, Frequency 
      1     85.1465 cm^-1  (      2.5526 THz )
      2     90.8785 cm^-1  (      2.7245 THz )
      3    115.7929 cm^-1  (      3.4714 THz )
      4    123.3984 cm^-1  (      3.6994 THz )
      5    148.0819 cm^-1  (      4.4394 THz )
      6    244.7825 cm^-1  (      7.3384 THz )
      7    252.5460 cm^-1  (      7.5711 THz )
      8    258.3629 cm^-1  (      7.7455 THz )
      9    298.9126 cm^-1  (      8.9612 THz )
     10    382.0240 cm^-1  (     11.4528 THz )
     11    417.2583 cm^-1  (     12.5091 THz )
     12    452.4289 cm^-1  (     13.5635 THz )
     13    493.6774 cm^-1  (     14.8001 THz )
     14    529.2175 cm^-1  (     15.8655 THz )
     15    740.5122 cm^-1  (     22.2000 THz )

 # k point   121 : (  0.3200,  0.3200,  0.0000)
   Mode, Frequency 
      1     85.2054 cm^-1  (      2.5544 THz )
      2     89.0035 cm^-1  (      2.6683 THz )
      3    116.3085 cm^-1  (      3.4868 THz )
      4    124.6895 cm^-1  (      3.7381 THz )
      5    152.7636 cm^-1  (      4.5797 THz )
      6    243.0748 cm^-1  (      7.2872 THz )
      7    251.3489 cm^-1  (      7.5353 THz )
      8    252.1686 cm^-1  (      7.5598 THz )
      9    296.6605 cm^-1  (      8.8937 THz )
     10    375.5105 cm^-1  (     11.2575 THz )
     11    410.7868 cm^-1  (     12.3151 THz )
     12    447.5863 cm^-1  (     13.4183 THz )
     13    495.8992 cm^-1  (     14.8667 THz )
     14    530.7077 cm^-1  (     15.9102 THz )
     15    733.8851 cm^-1  (     22.0013 THz )

 # k point   122 : (  0.3100,  0.3100,  0.0000)
   Mode, Frequency 
      1     85.0236 cm^-1  (      2.5489 THz )
      2     87.0070 cm^-1  (      2.6084 THz )
      3    116.8107 cm^-1  (      3.5019 THz )
      4    126.0128 cm^-1  (      3.7778 THz )
      5    157.2876 cm^-1  (      4.7154 THz )
      6    241.2855 cm^-1  (      7.2336 THz )
      7    245.7896 cm^-1  (      7.3686 THz )
      8    249.9964 cm^-1  (      7.4947 THz )
      9    294.3180 cm^-1  (      8.8234 THz )
     10    368.8386 cm^-1  (     11.0575 THz )
     11    403.9341 cm^-1  (     12.1096 THz )
     12    442.2173 cm^-1  (     13.2573 THz )
     13    498.0960 cm^-1  (     14.9325 THz )
     14    532.1027 cm^-1  (     15.9520 THz )
     15    726.9471 cm^-1  (     21.7933 THz )

 # k point   123 : (  0.3000,  0.3000,  0.0000)
   Mode, Frequency 
      1     84.6386 cm^-1  (      2.5374 THz )
      2     84.8919 cm^-1  (      2.5450 THz )
      3    117.2914 cm^-1  (      3.5163 THz )
      4    127.3570 cm^-1  (      3.8181 THz )
      5    161.5864 cm^-1  (      4.8442 THz )
      6    239.2379 cm^-1  (      7.1722 THz )
      7    239.4263 cm^-1  (      7.1778 THz )
      8    248.4755 cm^-1  (      7.4491 THz )
      9    291.8916 cm^-1  (      8.7507 THz )
     10    362.0196 cm^-1  (     10.8531 THz )
     11    396.6973 cm^-1  (     11.8927 THz )
     12    436.3120 cm^-1  (     13.0803 THz )
     13    500.2598 cm^-1  (     14.9974 THz )
     14    533.3924 cm^-1  (     15.9907 THz )
     15    719.7169 cm^-1  (     21.5766 THz )

 # k point   124 : (  0.2900,  0.2900,  0.0000)
   Mode, Frequency 
      1     82.6606 cm^-1  (      2.4781 THz )
      2     84.0775 cm^-1  (      2.5206 THz )
      3    117.7415 cm^-1  (      3.5298 THz )
      4    128.7109 cm^-1  (      3.8587 THz )
      5    165.5986 cm^-1  (      4.9645 THz )
      6    232.5248 cm^-1  (      6.9709 THz )
      7    237.5142 cm^-1  (      7.1205 THz )
      8    246.7728 cm^-1  (      7.3981 THz )
      9    289.3889 cm^-1  (      8.6757 THz )
     10    355.0659 cm^-1  (     10.6446 THz )
     11    389.0752 cm^-1  (     11.6642 THz )
     12    429.8615 cm^-1  (     12.8869 THz )
     13    502.3837 cm^-1  (     15.0611 THz )
     14    534.5686 cm^-1  (     16.0260 THz )
     15    712.2159 cm^-1  (     21.3517 THz )

 # k point   125 : (  0.2800,  0.2800,  0.0000)
   Mode, Frequency 
      1     80.3149 cm^-1  (      2.4078 THz )
      2     83.3598 cm^-1  (      2.4991 THz )
      3    118.1511 cm^-1  (      3.5421 THz )
      4    130.0630 cm^-1  (      3.8992 THz )
      5    169.2644 cm^-1  (      5.0744 THz )
      6    225.6619 cm^-1  (      6.7652 THz )
      7    235.5738 cm^-1  (      7.0623 THz )
      8    244.8739 cm^-1  (      7.3411 THz )
      9    286.8173 cm^-1  (      8.5986 THz )
     10    347.9910 cm^-1  (     10.4325 THz )
     11    381.0679 cm^-1  (     11.4241 THz )
     12    422.8584 cm^-1  (     12.6770 THz )
     13    504.4616 cm^-1  (     15.1234 THz )
     14    535.6249 cm^-1  (     16.0576 THz )
     15    704.4681 cm^-1  (     21.1194 THz )

 # k point   126 : (  0.2700,  0.2700,  0.0000)
   Mode, Frequency 
      1     77.8559 cm^-1  (      2.3341 THz )
      2     82.4990 cm^-1  (      2.4733 THz )
      3    118.5094 cm^-1  (      3.5528 THz )
      4    131.4006 cm^-1  (      3.9393 THz )
      5    172.5214 cm^-1  (      5.1721 THz )
      6    218.6617 cm^-1  (      6.5553 THz )
      7    233.6391 cm^-1  (      7.0043 THz )
      8    242.7638 cm^-1  (      7.2779 THz )
      9    284.1851 cm^-1  (      8.5197 THz )
     10    340.8099 cm^-1  (     10.2172 THz )
     11    372.6771 cm^-1  (     11.1726 THz )
     12    415.2972 cm^-1  (     12.4503 THz )
     13    506.4884 cm^-1  (     15.1841 THz )
     14    536.5569 cm^-1  (     16.0856 THz )
     15    696.5004 cm^-1  (     20.8806 THz )

 # k point   127 : (  0.2600,  0.2600,  0.0000)
   Mode, Frequency 
      1     75.2841 cm^-1  (      2.2570 THz )
      2     81.5044 cm^-1  (      2.4434 THz )
      3    118.8043 cm^-1  (      3.5617 THz )
      4    132.7091 cm^-1  (      3.9785 THz )
      5    175.3019 cm^-1  (      5.2554 THz )
      6    211.5381 cm^-1  (      6.3418 THz )
      7    231.7554 cm^-1  (      6.9479 THz )
      8    240.4265 cm^-1  (      7.2078 THz )
      9    281.5010 cm^-1  (      8.4392 THz )
     10    333.5393 cm^-1  (      9.9993 THz )
     11    363.9068 cm^-1  (     10.9097 THz )
     12    407.1748 cm^-1  (     12.2068 THz )
     13    508.4597 cm^-1  (     15.2432 THz )
     14    537.3619 cm^-1  (     16.1097 THz )
     15    688.3422 cm^-1  (     20.6360 THz )

 # k point   128 : (  0.2500,  0.2500,  0.0000)
   Mode, Frequency 
      1     72.5990 cm^-1  (      2.1765 THz )
      2     80.3818 cm^-1  (      2.4098 THz )
      3    119.0223 cm^-1  (      3.5682 THz )
      4    133.9704 cm^-1  (      4.0163 THz )
      5    177.5299 cm^-1  (      5.3222 THz )
      6    204.3082 cm^-1  (      6.1250 THz )
      7    229.9801 cm^-1  (      6.8946 THz )
      8    237.8453 cm^-1  (      7.1304 THz )
      9    278.7741 cm^-1  (      8.3574 THz )
     10    326.1970 cm^-1  (      9.7791 THz )
     11    354.7635 cm^-1  (     10.6355 THz )
     12    398.4910 cm^-1  (     11.9465 THz )
     13    510.3715 cm^-1  (     15.3006 THz )
     14    538.0393 cm^-1  (     16.1300 THz )
     15    680.0259 cm^-1  (     20.3867 THz )

 # k point   129 : (  0.2400,  0.2400,  0.0000)
   Mode, Frequency 
      1     69.7995 cm^-1  (      2.0925 THz )
      2     79.1344 cm^-1  (      2.3724 THz )
      3    119.1481 cm^-1  (      3.5720 THz )
      4    135.1602 cm^-1  (      4.0520 THz )
      5    179.1232 cm^-1  (      5.3700 THz )
      6    196.9953 cm^-1  (      5.9058 THz )
      7    228.3807 cm^-1  (      6.8467 THz )
      8    235.0028 cm^-1  (      7.0452 THz )
      9    276.0140 cm^-1  (      8.2747 THz )
     10    318.8016 cm^-1  (      9.5574 THz )
     11    345.2565 cm^-1  (     10.3505 THz )
     12    389.2502 cm^-1  (     11.6694 THz )
     13    512.2205 cm^-1  (     15.3560 THz )
     14    538.5903 cm^-1  (     16.1465 THz )
     15    671.5863 cm^-1  (     20.1336 THz )

 # k point   130 : (  0.2300,  0.2300,  0.0000)
   Mode, Frequency 
      1     66.8830 cm^-1  (      2.0051 THz )
      2     77.7631 cm^-1  (      2.3313 THz )
      3    119.1639 cm^-1  (      3.5724 THz )
      4    136.2429 cm^-1  (      4.0845 THz )
      5    179.9989 cm^-1  (      5.3962 THz )
      6    189.6336 cm^-1  (      5.6851 THz )
      7    227.0277 cm^-1  (      6.8061 THz )
      8    231.8814 cm^-1  (      6.9516 THz )
      9    273.2308 cm^-1  (      8.1913 THz )
     10    311.3715 cm^-1  (      9.3347 THz )
     11    335.3985 cm^-1  (     10.0550 THz )
     12    379.4622 cm^-1  (     11.3760 THz )
     13    514.0041 cm^-1  (     15.4095 THz )
     14    539.0176 cm^-1  (     16.1593 THz )
     15    663.0607 cm^-1  (     19.8781 THz )

 # k point   131 : (  0.2200,  0.2200,  0.0000)
   Mode, Frequency 
      1     63.8456 cm^-1  (      1.9140 THz )
      2     76.2671 cm^-1  (      2.2864 THz )
      3    119.0489 cm^-1  (      3.5690 THz )
      4    137.1604 cm^-1  (      4.1120 THz )
      5    180.0858 cm^-1  (      5.3988 THz )
      6    182.2795 cm^-1  (      5.4646 THz )
      7    225.9815 cm^-1  (      6.7748 THz )
      8    228.4646 cm^-1  (      6.8492 THz )
      9    270.4351 cm^-1  (      8.1074 THz )
     10    303.9220 cm^-1  (      9.1114 THz )
     11    325.2067 cm^-1  (      9.7495 THz )
     12    369.1456 cm^-1  (     11.0667 THz )
     13    515.7197 cm^-1  (     15.4609 THz )
     14    539.3259 cm^-1  (     16.1686 THz )
     15    654.4885 cm^-1  (     19.6211 THz )

 # k point   132 : (  0.2100,  0.2100,  0.0000)
   Mode, Frequency 
      1     60.6811 cm^-1  (      1.8192 THz )
      2     74.6437 cm^-1  (      2.2378 THz )
      3    118.7784 cm^-1  (      3.5609 THz )
      4    137.8091 cm^-1  (      4.1314 THz )
      5    175.0349 cm^-1  (      5.2474 THz )
      6    179.3398 cm^-1  (      5.3765 THz )
      7    224.7384 cm^-1  (      6.7375 THz )
      8    225.2761 cm^-1  (      6.7536 THz )
      9    267.6378 cm^-1  (      8.0236 THz )
     10    296.4612 cm^-1  (      8.8877 THz )
     11    314.7036 cm^-1  (      9.4346 THz )
     12    358.3311 cm^-1  (     10.7425 THz )
     13    517.3654 cm^-1  (     15.5102 THz )
     14    539.5210 cm^-1  (     16.1744 THz )
     15    645.9110 cm^-1  (     19.3639 THz )

 # k point   133 : (  0.2000,  0.2000,  0.0000)
   Mode, Frequency 
      1     57.3806 cm^-1  (      1.7202 THz )
      2     72.8890 cm^-1  (      2.1852 THz )
      3    118.3226 cm^-1  (      3.5472 THz )
      4    137.9871 cm^-1  (      4.1367 THz )
      5    168.0993 cm^-1  (      5.0395 THz )
      6    177.7532 cm^-1  (      5.3289 THz )
      7    220.6941 cm^-1  (      6.6162 THz )
      8    224.9073 cm^-1  (      6.7426 THz )
      9    264.8504 cm^-1  (      7.9400 THz )
     10    288.9827 cm^-1  (      8.6635 THz )
     11    303.9187 cm^-1  (      9.1113 THz )
     12    347.0682 cm^-1  (     10.4048 THz )
     13    518.9395 cm^-1  (     15.5574 THz )
     14    539.6102 cm^-1  (     16.1771 THz )
     15    637.3708 cm^-1  (     19.1079 THz )

 # k point   134 : (  0.1900,  0.1900,  0.0000)
   Mode, Frequency 
      1     53.9307 cm^-1  (      1.6168 THz )
      2     70.9973 cm^-1  (      2.1284 THz )
      3    117.6451 cm^-1  (      3.5269 THz )
      4    137.2916 cm^-1  (      4.1159 THz )
      5    161.8731 cm^-1  (      4.8528 THz )
      6    175.3520 cm^-1  (      5.2569 THz )
      7    216.3316 cm^-1  (      6.4855 THz )
      8    224.8341 cm^-1  (      6.7404 THz )
      9    262.0848 cm^-1  (      7.8571 THz )
     10    281.4529 cm^-1  (      8.4377 THz )
     11    292.8907 cm^-1  (      8.7806 THz )
     12    335.4362 cm^-1  (     10.0561 THz )
     13    520.4406 cm^-1  (     15.6024 THz )
     14    539.6021 cm^-1  (     16.1769 THz )
     15    628.9117 cm^-1  (     18.8543 THz )

 # k point   135 : (  0.1800,  0.1800,  0.0000)
   Mode, Frequency 
      1     50.3121 cm^-1  (      1.5083 THz )
      2     68.9618 cm^-1  (      2.0674 THz )
      3    116.7015 cm^-1  (      3.4986 THz )
      4    135.0449 cm^-1  (      4.0485 THz )
      5    157.0309 cm^-1  (      4.7077 THz )
      6    172.1807 cm^-1  (      5.1618 THz )
      7    211.6639 cm^-1  (      6.3455 THz )
      8    224.9902 cm^-1  (      6.7450 THz )
      9    259.3530 cm^-1  (      7.7752 THz )
     10    273.7917 cm^-1  (      8.2081 THz )
     11    281.6705 cm^-1  (      8.4443 THz )
     12    323.5609 cm^-1  (      9.7001 THz )
     13    521.8676 cm^-1  (     15.6452 THz )
     14    539.5060 cm^-1  (     16.1740 THz )
     15    620.5779 cm^-1  (     18.6045 THz )

 # k point   136 : (  0.1700,  0.1700,  0.0000)
   Mode, Frequency 
      1     46.4955 cm^-1  (      1.3939 THz )
      2     66.7743 cm^-1  (      2.0018 THz )
      3    115.4368 cm^-1  (      3.4607 THz )
      4    130.6939 cm^-1  (      3.9181 THz )
      5    154.1227 cm^-1  (      4.6205 THz )
      6    168.2816 cm^-1  (      5.0450 THz )
      7    206.7215 cm^-1  (      6.1974 THz )
      8    225.2992 cm^-1  (      6.7543 THz )
      9    256.6676 cm^-1  (      7.6947 THz )
     10    265.8443 cm^-1  (      7.9698 THz )
     11    270.3267 cm^-1  (      8.1042 THz )
     12    311.6411 cm^-1  (      9.3428 THz )
     13    523.2196 cm^-1  (     15.6857 THz )
     14    539.3321 cm^-1  (     16.1688 THz )
     15    612.4136 cm^-1  (     18.3597 THz )

 # k point   137 : (  0.1600,  0.1600,  0.0000)
   Mode, Frequency 
      1     42.4359 cm^-1  (      1.2722 THz )
      2     64.4252 cm^-1  (      1.9314 THz )
      3    113.7848 cm^-1  (      3.4112 THz )
      4    124.5029 cm^-1  (      3.7325 THz )
      5    152.8803 cm^-1  (      4.5832 THz )
      6    163.6781 cm^-1  (      4.9069 THz )
      7    201.5550 cm^-1  (      6.0425 THz )
      8    225.6812 cm^-1  (      6.7658 THz )
      9    254.0413 cm^-1  (      7.6160 THz )
     10    257.3499 cm^-1  (      7.7152 THz )
     11    258.9550 cm^-1  (      7.7633 THz )
     12    299.9782 cm^-1  (      8.9931 THz )
     13    524.4957 cm^-1  (     15.7240 THz )
     14    539.0911 cm^-1  (     16.1615 THz )
     15    604.4628 cm^-1  (     18.1213 THz )

 # k point   138 : (  0.1500,  0.1500,  0.0000)
   Mode, Frequency 
      1     38.0606 cm^-1  (      1.1410 THz )
      2     61.9038 cm^-1  (      1.8558 THz )
      3    111.6662 cm^-1  (      3.3477 THz )
      4    117.1603 cm^-1  (      3.5124 THz )
      5    152.6113 cm^-1  (      4.5752 THz )
      6    158.3623 cm^-1  (      4.7476 THz )
      7    196.2357 cm^-1  (      5.8830 THz )
      8    226.0370 cm^-1  (      6.7764 THz )
      9    247.7059 cm^-1  (      7.4260 THz )
     10    247.9387 cm^-1  (      7.4330 THz )
     11    251.4871 cm^-1  (      7.5394 THz )
     12    288.9802 cm^-1  (      8.6634 THz )
     13    525.6955 cm^-1  (     15.7600 THz )
     14    538.7942 cm^-1  (     16.1526 THz )
     15    596.7681 cm^-1  (     17.8907 THz )

 # k point   139 : (  0.1400,  0.1400,  0.0000)
   Mode, Frequency 
      1     33.2439 cm^-1  (      0.9966 THz )
      2     59.1982 cm^-1  (      1.7747 THz )
      3    108.9907 cm^-1  (      3.2675 THz )
      4    109.1518 cm^-1  (      3.2723 THz )
      5    152.2884 cm^-1  (      4.5655 THz )
      6    152.8263 cm^-1  (      4.5816 THz )
      7    190.8479 cm^-1  (      5.7215 THz )
      8    226.0909 cm^-1  (      6.7780 THz )
      9    236.9474 cm^-1  (      7.1035 THz )
     10    237.2245 cm^-1  (      7.1118 THz )
     11    249.0181 cm^-1  (      7.4654 THz )
     12    279.0747 cm^-1  (      8.3665 THz )
     13    526.8186 cm^-1  (     15.7936 THz )
     14    538.4525 cm^-1  (     16.1424 THz )
     15    589.3710 cm^-1  (     17.6689 THz )

 # k point   140 : (  0.1300,  0.1300,  0.0000)
   Mode, Frequency 
      1     27.7435 cm^-1  (      0.8317 THz )
      2     56.2959 cm^-1  (      1.6877 THz )
      3    100.7261 cm^-1  (      3.0197 THz )
      4    105.6612 cm^-1  (      3.1676 THz )
      5    145.3710 cm^-1  (      4.3581 THz )
      6    153.2735 cm^-1  (      4.5950 THz )
      7    185.4680 cm^-1  (      5.5602 THz )
      8    223.1970 cm^-1  (      6.6913 THz )
      9    225.0055 cm^-1  (      6.7455 THz )
     10    229.4584 cm^-1  (      6.8790 THz )
     11    246.6472 cm^-1  (      7.3943 THz )
     12    270.5237 cm^-1  (      8.1101 THz )
     13    527.8644 cm^-1  (     15.8250 THz )
     14    538.0773 cm^-1  (     16.1312 THz )
     15    582.3112 cm^-1  (     17.4573 THz )

 # k point   141 : (  0.1200,  0.1200,  0.0000)
   Mode, Frequency 
      1     20.9889 cm^-1  (      0.6292 THz )
      2     53.1840 cm^-1  (      1.5944 THz )
      3     92.0092 cm^-1  (      2.7584 THz )
      4    101.5835 cm^-1  (      3.0454 THz )
      5    137.4908 cm^-1  (      4.1219 THz )
      6    153.8269 cm^-1  (      4.6116 THz )
      7    180.1057 cm^-1  (      5.3994 THz )
      8    211.4234 cm^-1  (      6.3383 THz )
      9    214.2419 cm^-1  (      6.4228 THz )
     10    228.5170 cm^-1  (      6.8508 THz )
     11    244.3876 cm^-1  (      7.3266 THz )
     12    263.3122 cm^-1  (      7.8939 THz )
     13    528.8329 cm^-1  (     15.8540 THz )
     14    537.6798 cm^-1  (     16.1192 THz )
     15    575.6259 cm^-1  (     17.2568 THz )

 # k point   142 : (  0.1100,  0.1100,  0.0000)
   Mode, Frequency 
      1     10.7011 cm^-1  (      0.3208 THz )
      2     49.8496 cm^-1  (      1.4945 THz )
      3     83.0752 cm^-1  (      2.4905 THz )
      4     96.6798 cm^-1  (      2.8984 THz )
      5    128.5115 cm^-1  (      3.8527 THz )
      6    154.4198 cm^-1  (      4.6294 THz )
      7    174.5053 cm^-1  (      5.2315 THz )
      8    197.0529 cm^-1  (      5.9075 THz )
      9    204.8654 cm^-1  (      6.1417 THz )
     10    228.6592 cm^-1  (      6.8550 THz )
     11    242.2521 cm^-1  (      7.2625 THz )
     12    257.2408 cm^-1  (      7.7119 THz )
     13    529.7239 cm^-1  (     15.8807 THz )
     14    537.2705 cm^-1  (     16.1070 THz )
     15    569.3501 cm^-1  (     17.0687 THz )

 # k point   143 : (  0.1000,  0.1000,  0.0000)
   Mode, Frequency 
      1    -14.6127 cm^-1  (     -0.4381 THz )
      2     46.2800 cm^-1  (      1.3874 THz )
      3     73.9849 cm^-1  (      2.2180 THz )
      4     90.9025 cm^-1  (      2.7252 THz )
      5    118.3032 cm^-1  (      3.5466 THz )
      6    155.0141 cm^-1  (      4.6472 THz )
      7    167.3170 cm^-1  (      5.0160 THz )
      8    183.5579 cm^-1  (      5.5029 THz )
      9    196.1976 cm^-1  (      5.8819 THz )
     10    228.9097 cm^-1  (      6.8625 THz )
     11    240.2531 cm^-1  (      7.2026 THz )
     12    252.0810 cm^-1  (      7.5572 THz )
     13    530.5373 cm^-1  (     15.9051 THz )
     14    536.8599 cm^-1  (     16.0947 THz )
     15    563.5158 cm^-1  (     16.8938 THz )

 # k point   144 : (  0.0900,  0.0900,  0.0000)
   Mode, Frequency 
      1    -23.4818 cm^-1  (     -0.7040 THz )
      2     42.4626 cm^-1  (      1.2730 THz )
      3     64.8153 cm^-1  (      1.9431 THz )
      4     84.2421 cm^-1  (      2.5255 THz )
      5    106.7607 cm^-1  (      3.2006 THz )
      6    155.2437 cm^-1  (      4.6541 THz )
      7    155.5865 cm^-1  (      4.6644 THz )
      8    174.4509 cm^-1  (      5.2299 THz )
      9    188.4528 cm^-1  (      5.6497 THz )
     10    229.1566 cm^-1  (      6.8699 THz )
     11    238.4027 cm^-1  (      7.1471 THz )
     12    247.6519 cm^-1  (      7.4244 THz )
     13    531.2730 cm^-1  (     15.9272 THz )
     14    536.4576 cm^-1  (     16.0826 THz )
     15    558.1522 cm^-1  (     16.7330 THz )

 # k point   145 : (  0.0800,  0.0800,  0.0000)
   Mode, Frequency 
      1    -30.1540 cm^-1  (     -0.9040 THz )
      2     38.3824 cm^-1  (      1.1507 THz )
      3     55.6902 cm^-1  (      1.6696 THz )
      4     76.7245 cm^-1  (      2.3001 THz )
      5     93.7895 cm^-1  (      2.8117 THz )
      6    138.6454 cm^-1  (      4.1565 THz )
      7    156.1219 cm^-1  (      4.6804 THz )
      8    169.4669 cm^-1  (      5.0805 THz )
      9    181.6934 cm^-1  (      5.4470 THz )
     10    229.3741 cm^-1  (      6.8765 THz )
     11    236.7125 cm^-1  (      7.0965 THz )
     12    243.8304 cm^-1  (      7.3099 THz )
     13    531.9311 cm^-1  (     15.9469 THz )
     14    536.0724 cm^-1  (     16.0710 THz )
     15    553.2856 cm^-1  (     16.5871 THz )

 # k point   146 : (  0.0700,  0.0700,  0.0000)
   Mode, Frequency 
      1    -36.0087 cm^-1  (     -1.0795 THz )
      2     34.0116 cm^-1  (      1.0196 THz )
      3     46.8037 cm^-1  (      1.4031 THz )
      4     68.3929 cm^-1  (      2.0504 THz )
      5     79.2381 cm^-1  (      2.3755 THz )
      6    119.9109 cm^-1  (      3.5948 THz )
      7    156.6101 cm^-1  (      4.6951 THz )
      8    166.1914 cm^-1  (      4.9823 THz )
      9    175.9068 cm^-1  (      5.2736 THz )
     10    229.5561 cm^-1  (      6.8819 THz )
     11    235.1932 cm^-1  (      7.0509 THz )
     12    240.5380 cm^-1  (      7.2111 THz )
     13    532.5116 cm^-1  (     15.9643 THz )
     14    535.7127 cm^-1  (     16.0603 THz )
     15    548.9391 cm^-1  (     16.4568 THz )

 # k point   147 : (  0.0600,  0.0600,  0.0000)
   Mode, Frequency 
      1    -41.4050 cm^-1  (     -1.2413 THz )
      2     29.2597 cm^-1  (      0.8772 THz )
      3     38.3978 cm^-1  (      1.1511 THz )
      4     59.2630 cm^-1  (      1.7767 THz )
      5     62.7217 cm^-1  (      1.8804 THz )
      6     99.7271 cm^-1  (      2.9897 THz )
      7    157.0438 cm^-1  (      4.7081 THz )
      8    163.7737 cm^-1  (      4.9098 THz )
      9    171.0417 cm^-1  (      5.1277 THz )
     10    229.7029 cm^-1  (      6.8863 THz )
     11    233.8548 cm^-1  (      7.0108 THz )
     12    237.7266 cm^-1  (      7.1269 THz )
     13    533.0145 cm^-1  (     15.9794 THz )
     14    535.3858 cm^-1  (     16.0505 THz )
     15    545.1329 cm^-1  (     16.3427 THz )

 # k point   148 : (  0.0500,  0.0500,  0.0000)
   Mode, Frequency 
      1    -46.3250 cm^-1  (     -1.3888 THz )
      2     23.5309 cm^-1  (      0.7054 THz )
      3     30.6643 cm^-1  (      0.9193 THz )
      4     43.1621 cm^-1  (      1.2940 THz )
      5     49.1667 cm^-1  (      1.4740 THz )
      6     78.0149 cm^-1  (      2.3388 THz )
      7    157.4178 cm^-1  (      4.7193 THz )
      8    161.9347 cm^-1  (      4.8547 THz )
      9    167.0360 cm^-1  (      5.0076 THz )
     10    229.8175 cm^-1  (      6.8898 THz )
     11    232.7062 cm^-1  (      6.9764 THz )
     12    235.3681 cm^-1  (      7.0562 THz )
     13    533.4399 cm^-1  (     15.9921 THz )
     14    535.0981 cm^-1  (     16.0418 THz )
     15    541.8841 cm^-1  (     16.2453 THz )

 # k point   149 : (  0.0400,  0.0400,  0.0000)
   Mode, Frequency 
      1    -50.5866 cm^-1  (     -1.5165 THz )
      2    -13.0676 cm^-1  (     -0.3918 THz )
      3     23.5687 cm^-1  (      0.7066 THz )
      4     23.6431 cm^-1  (      0.7088 THz )
      5     36.5072 cm^-1  (      1.0945 THz )
      6     54.6011 cm^-1  (      1.6369 THz )
      7    157.7282 cm^-1  (      4.7286 THz )
      8    160.5441 cm^-1  (      4.8130 THz )
      9    163.8321 cm^-1  (      4.9116 THz )
     10    229.9039 cm^-1  (      6.8923 THz )
     11    231.7553 cm^-1  (      6.9478 THz )
     12    233.4471 cm^-1  (      6.9986 THz )
     13    533.7879 cm^-1  (     16.0026 THz )
     14    534.8551 cm^-1  (     16.0346 THz )
     15    539.2070 cm^-1  (     16.1650 THz )

 # k point   150 : (  0.0300,  0.0300,  0.0000)
   Mode, Frequency 
      1    -54.0111 cm^-1  (     -1.6192 THz )
      2    -38.9861 cm^-1  (     -1.1688 THz )
      3    -15.7121 cm^-1  (     -0.4710 THz )
      4     16.4184 cm^-1  (      0.4922 THz )
      5     17.2297 cm^-1  (      0.5165 THz )
      6     34.9442 cm^-1  (      1.0476 THz )
      7    157.9722 cm^-1  (      4.7359 THz )
      8    159.5253 cm^-1  (      4.7824 THz )
      9    161.3839 cm^-1  (      4.8382 THz )
     10    229.9662 cm^-1  (      6.8942 THz )
     11    231.0087 cm^-1  (      6.9255 THz )
     12    231.9559 cm^-1  (      6.9539 THz )
     13    534.0585 cm^-1  (     16.0107 THz )
     14    534.6614 cm^-1  (     16.0287 THz )
     15    537.1132 cm^-1  (     16.1022 THz )

 # k point   151 : (  0.0200,  0.0200,  0.0000)
   Mode, Frequency 
      1    -56.4935 cm^-1  (     -1.6936 THz )
      2    -50.6417 cm^-1  (     -1.5182 THz )
      3    -44.1978 cm^-1  (     -1.3250 THz )
      4     10.8461 cm^-1  (      0.3252 THz )
      5     11.2580 cm^-1  (      0.3375 THz )
      6     22.3537 cm^-1  (      0.6701 THz )
      7    158.1478 cm^-1  (      4.7412 THz )
      8    158.8287 cm^-1  (      4.7616 THz )
      9    159.6575 cm^-1  (      4.7864 THz )
     10    230.0079 cm^-1  (      6.8955 THz )
     11    230.4716 cm^-1  (      6.9094 THz )
     12    230.8913 cm^-1  (      6.9219 THz )
     13    534.2517 cm^-1  (     16.0165 THz )
     14    534.5205 cm^-1  (     16.0245 THz )
     15    535.6114 cm^-1  (     16.0572 THz )

 # k point   152 : (  0.0100,  0.0100,  0.0000)
   Mode, Frequency 
      1    -57.9908 cm^-1  (     -1.7385 THz )
      2    -56.6173 cm^-1  (     -1.6973 THz )
      3    -55.2256 cm^-1  (     -1.6556 THz )
      4      5.4160 cm^-1  (      0.1624 THz )
      5      5.5632 cm^-1  (      0.1668 THz )
      6     11.0742 cm^-1  (      0.3320 THz )
      7    158.2537 cm^-1  (      4.7443 THz )
      8    158.4226 cm^-1  (      4.7494 THz )
      9    158.6301 cm^-1  (      4.7556 THz )
     10    230.0318 cm^-1  (      6.8962 THz )
     11    230.1477 cm^-1  (      6.8997 THz )
     12    230.2525 cm^-1  (      6.9028 THz )
     13    534.3676 cm^-1  (     16.0199 THz )
     14    534.4349 cm^-1  (     16.0220 THz )
     15    534.7078 cm^-1  (     16.0301 THz )

 # k point   153 : (  0.0000,  0.0000,  0.0000)
   Mode, Frequency 
      1    -58.4905 cm^-1  (     -1.7535 THz )
      2    -58.4905 cm^-1  (     -1.7535 THz )
      3    -58.4905 cm^-1  (     -1.7535 THz )
      4      0.0000 cm^-1  (      0.0000 THz )
      5      0.0000 cm^-1  (      0.0000 THz )
      6      0.0000 cm^-1  (      0.0000 THz )
      7    158.2891 cm^-1  (      4.7454 THz )
      8    158.2891 cm^-1  (      4.7454 THz )
      9    158.2891 cm^-1  (      4.7454 THz )
     10    230.0395 cm^-1  (      6.8964 THz )
     11    230.0395 cm^-1  (      6.8964 THz )
     12    230.0395 cm^-1  (      6.8964 THz )
     13    534.4062 cm^-1  (     16.0211 THz )
     14    534.4062 cm^-1  (     16.0211 THz )
     15    534.4062 cm^-1  (     16.0211 THz )

 # k point   154 : (  0.0000,  0.0000,  0.0000)
   Mode, Frequency 
      1    -58.4905 cm^-1  (     -1.7535 THz )
      2    -58.4905 cm^-1  (     -1.7535 THz )
      3    -58.4905 cm^-1  (     -1.7535 THz )
      4      0.0000 cm^-1  (      0.0000 THz )
      5      0.0000 cm^-1  (      0.0000 THz )
      6      0.0000 cm^-1  (      0.0000 THz )
      7    158.2891 cm^-1  (      4.7454 THz )
      8    158.2891 cm^-1  (      4.7454 THz )
      9    158.2891 cm^-1  (      4.7454 THz )
     10    230.0395 cm^-1  (      6.8964 THz )
     11    230.0395 cm^-1  (      6.8964 THz )
     12    230.0395 cm^-1  (      6.8964 THz )
     13    534.4062 cm^-1  (     16.0211 THz )
     14    534.4062 cm^-1  (     16.0211 THz )
     15    534.4062 cm^-1  (     16.0211 THz )

 # k point   155 : (  0.0100,  0.0100,  0.0100)
   Mode, Frequency 
      1    -56.3613 cm^-1  (     -1.6897 THz )
      2    -56.3613 cm^-1  (     -1.6897 THz )
      3    -54.2579 cm^-1  (     -1.6266 THz )
      4      6.6956 cm^-1  (      0.2007 THz )
      5      6.6956 cm^-1  (      0.2007 THz )
      6     13.6221 cm^-1  (      0.4084 THz )
      7    158.3014 cm^-1  (      4.7458 THz )
      8    158.6124 cm^-1  (      4.7551 THz )
      9    158.6124 cm^-1  (      4.7551 THz )
     10    229.9756 cm^-1  (      6.8945 THz )
     11    230.3065 cm^-1  (      6.9044 THz )
     12    230.3065 cm^-1  (      6.9044 THz )
     13    534.4156 cm^-1  (     16.0214 THz )
     14    534.4156 cm^-1  (     16.0214 THz )
     15    534.8249 cm^-1  (     16.0336 THz )

 # k point   156 : (  0.0200,  0.0200,  0.0200)
   Mode, Frequency 
      1    -49.5304 cm^-1  (     -1.4849 THz )
      2    -49.5304 cm^-1  (     -1.4849 THz )
      3    -39.4387 cm^-1  (     -1.1823 THz )
      4     13.4920 cm^-1  (      0.4045 THz )
      5     13.4920 cm^-1  (      0.4045 THz )
      6     27.8099 cm^-1  (      0.8337 THz )
      7    158.3494 cm^-1  (      4.7472 THz )
      8    159.5859 cm^-1  (      4.7843 THz )
      9    159.5859 cm^-1  (      4.7843 THz )
     10    229.7829 cm^-1  (      6.8887 THz )
     11    231.1057 cm^-1  (      6.9284 THz )
     12    231.1057 cm^-1  (      6.9284 THz )
     13    534.4427 cm^-1  (     16.0222 THz )
     14    534.4427 cm^-1  (     16.0222 THz )
     15    536.0783 cm^-1  (     16.0712 THz )

 # k point   157 : (  0.0300,  0.0300,  0.0300)
   Mode, Frequency 
      1    -35.9994 cm^-1  (     -1.0792 THz )
      2    -35.9994 cm^-1  (     -1.0792 THz )
      3     20.5793 cm^-1  (      0.6170 THz )
      4     20.8213 cm^-1  (      0.6242 THz )
      5     20.8213 cm^-1  (      0.6242 THz )
      6     45.2548 cm^-1  (      1.3567 THz )
      7    158.4675 cm^-1  (      4.7507 THz )
      8    161.2211 cm^-1  (      4.8333 THz )
      9    161.2211 cm^-1  (      4.8333 THz )
     10    229.4592 cm^-1  (      6.8790 THz )
     11    232.4323 cm^-1  (      6.9681 THz )
     12    232.4323 cm^-1  (      6.9681 THz )
     13    534.4849 cm^-1  (     16.0235 THz )
     14    534.4849 cm^-1  (     16.0235 THz )
     15    538.1587 cm^-1  (     16.1336 THz )

 # k point   158 : (  0.0400,  0.0400,  0.0400)
   Mode, Frequency 
      1      6.0019 cm^-1  (      0.1799 THz )
      2      6.0019 cm^-1  (      0.1799 THz )
      3     31.9327 cm^-1  (      0.9573 THz )
      4     31.9327 cm^-1  (      0.9573 THz )
      5     45.2666 cm^-1  (      1.3571 THz )
      6     69.9383 cm^-1  (      2.0967 THz )
      7    158.7188 cm^-1  (      4.7583 THz )
      8    163.5386 cm^-1  (      4.9028 THz )
      9    163.5386 cm^-1  (      4.9028 THz )
     10    229.0007 cm^-1  (      6.8653 THz )
     11    234.2785 cm^-1  (      7.0235 THz )
     12    234.2785 cm^-1  (      7.0235 THz )
     13    534.5377 cm^-1  (     16.0250 THz )
     14    534.5377 cm^-1  (     16.0250 THz )
     15    541.0535 cm^-1  (     16.2204 THz )

 # k point   159 : (  0.0500,  0.0500,  0.0500)
   Mode, Frequency 
      1     26.9955 cm^-1  (      0.8093 THz )
      2     26.9955 cm^-1  (      0.8093 THz )
      3     51.9475 cm^-1  (      1.5573 THz )
      4     51.9475 cm^-1  (      1.5573 THz )
      5     59.0634 cm^-1  (      1.7707 THz )
      6     95.1153 cm^-1  (      2.8515 THz )
      7    159.2044 cm^-1  (      4.7728 THz )
      8    166.5714 cm^-1  (      4.9937 THz )
      9    166.5714 cm^-1  (      4.9937 THz )
     10    228.4024 cm^-1  (      6.8473 THz )
     11    236.6348 cm^-1  (      7.0941 THz )
     12    236.6348 cm^-1  (      7.0941 THz )
     13    534.5949 cm^-1  (     16.0268 THz )
     14    534.5949 cm^-1  (     16.0268 THz )
     15    544.7446 cm^-1  (     16.3310 THz )

 # k point   160 : (  0.0600,  0.0600,  0.0600)
   Mode, Frequency 
      1     34.1219 cm^-1  (      1.0229 THz )
      2     34.1219 cm^-1  (      1.0229 THz )
      3     70.8060 cm^-1  (      2.1227 THz )
      4     70.8060 cm^-1  (      2.1227 THz )
      5     70.8370 cm^-1  (      2.1236 THz )
      6    118.8185 cm^-1  (      3.5621 THz )
      7    160.0777 cm^-1  (      4.7990 THz )
      8    170.3676 cm^-1  (      5.1075 THz )
      9    170.3676 cm^-1  (      5.1075 THz )
     10    227.6578 cm^-1  (      6.8250 THz )
     11    239.4901 cm^-1  (      7.1797 THz )
     12    239.4901 cm^-1  (      7.1797 THz )
     13    534.6489 cm^-1  (     16.0284 THz )
     14    534.6489 cm^-1  (     16.0284 THz )
     15    549.2088 cm^-1  (     16.4649 THz )

 # k point   161 : (  0.0700,  0.0700,  0.0700)
   Mode, Frequency 
      1     39.9217 cm^-1  (      1.1968 THz )
      2     39.9217 cm^-1  (      1.1968 THz )
      3     81.3279 cm^-1  (      2.4382 THz )
      4     87.2879 cm^-1  (      2.6168 THz )
      5     87.2879 cm^-1  (      2.6168 THz )
      6    141.2999 cm^-1  (      4.2361 THz )
      7    161.5747 cm^-1  (      4.8439 THz )
      8    174.9915 cm^-1  (      5.2461 THz )
      9    174.9915 cm^-1  (      5.2461 THz )
     10    226.7592 cm^-1  (      6.7981 THz )
     11    242.8334 cm^-1  (      7.2800 THz )
     12    242.8334 cm^-1  (      7.2800 THz )
     13    534.6905 cm^-1  (     16.0296 THz )
     14    534.6905 cm^-1  (     16.0296 THz )
     15    554.4178 cm^-1  (     16.6210 THz )

 # k point   162 : (  0.0800,  0.0800,  0.0800)
   Mode, Frequency 
      1     45.1541 cm^-1  (      1.3537 THz )
      2     45.1541 cm^-1  (      1.3537 THz )
      3     90.4663 cm^-1  (      2.7121 THz )
      4    101.8846 cm^-1  (      3.0544 THz )
      5    101.8846 cm^-1  (      3.0544 THz )
      6    161.7834 cm^-1  (      4.8501 THz )
      7    164.9454 cm^-1  (      4.9449 THz )
      8    180.5185 cm^-1  (      5.4118 THz )
      9    180.5185 cm^-1  (      5.4118 THz )
     10    225.6982 cm^-1  (      6.7663 THz )
     11    246.6547 cm^-1  (      7.3945 THz )
     12    246.6547 cm^-1  (      7.3945 THz )
     13    534.7091 cm^-1  (     16.0302 THz )
     14    534.7091 cm^-1  (     16.0302 THz )
     15    560.3377 cm^-1  (     16.7985 THz )

 # k point   163 : (  0.0900,  0.0900,  0.0900)
   Mode, Frequency 
      1     49.9775 cm^-1  (      1.4983 THz )
      2     49.9775 cm^-1  (      1.4983 THz )
      3     98.0257 cm^-1  (      2.9387 THz )
      4    114.7744 cm^-1  (      3.4408 THz )
      5    114.7744 cm^-1  (      3.4408 THz )
      6    167.0196 cm^-1  (      5.0071 THz )
      7    183.8219 cm^-1  (      5.5108 THz )
      8    187.0144 cm^-1  (      5.6066 THz )
      9    187.0144 cm^-1  (      5.6066 THz )
     10    224.4652 cm^-1  (      6.7293 THz )
     11    250.9461 cm^-1  (      7.5232 THz )
     12    250.9461 cm^-1  (      7.5232 THz )
     13    534.6931 cm^-1  (     16.0297 THz )
     14    534.6931 cm^-1  (     16.0297 THz )
     15    566.9295 cm^-1  (     16.9961 THz )

 # k point   164 : (  0.1000,  0.1000,  0.1000)
   Mode, Frequency 
      1     54.4512 cm^-1  (      1.6324 THz )
      2     54.4512 cm^-1  (      1.6324 THz )
      3    103.8200 cm^-1  (      3.1124 THz )
      4    126.0090 cm^-1  (      3.7777 THz )
      5    126.0090 cm^-1  (      3.7777 THz )
      6    171.8414 cm^-1  (      5.1517 THz )
      7    194.4978 cm^-1  (      5.8309 THz )
      8    194.4978 cm^-1  (      5.8309 THz )
      9    203.6198 cm^-1  (      6.1044 THz )
     10    223.0501 cm^-1  (      6.6869 THz )
     11    255.7027 cm^-1  (      7.6658 THz )
     12    255.7027 cm^-1  (      7.6658 THz )
     13    534.6302 cm^-1  (     16.0278 THz )
     14    534.6302 cm^-1  (     16.0278 THz )
     15    574.1491 cm^-1  (     17.2126 THz )

 # k point   165 : (  0.1100,  0.1100,  0.1100)
   Mode, Frequency 
      1     58.6108 cm^-1  (      1.7571 THz )
      2     58.6108 cm^-1  (      1.7571 THz )
      3    107.8356 cm^-1  (      3.2328 THz )
      4    135.6450 cm^-1  (      4.0665 THz )
      5    135.6450 cm^-1  (      4.0665 THz )
      6    177.9792 cm^-1  (      5.3357 THz )
      7    202.8961 cm^-1  (      6.0827 THz )
      8    202.8961 cm^-1  (      6.0827 THz )
      9    221.4423 cm^-1  (      6.6387 THz )
     10    222.6455 cm^-1  (      6.6747 THz )
     11    260.9232 cm^-1  (      7.8223 THz )
     12    260.9232 cm^-1  (      7.8223 THz )
     13    534.5071 cm^-1  (     16.0241 THz )
     14    534.5071 cm^-1  (     16.0241 THz )
     15    581.9472 cm^-1  (     17.4463 THz )

 # k point   166 : (  0.1200,  0.1200,  0.1200)
   Mode, Frequency 
      1     62.4862 cm^-1  (      1.8733 THz )
      2     62.4862 cm^-1  (      1.8733 THz )
      3    110.2633 cm^-1  (      3.3056 THz )
      4    143.8018 cm^-1  (      4.3111 THz )
      5    143.8018 cm^-1  (      4.3111 THz )
      6    185.2869 cm^-1  (      5.5548 THz )
      7    212.0291 cm^-1  (      6.3565 THz )
      8    212.0291 cm^-1  (      6.3565 THz )
      9    219.6308 cm^-1  (      6.5844 THz )
     10    240.8634 cm^-1  (      7.2209 THz )
     11    266.6099 cm^-1  (      7.9928 THz )
     12    266.6099 cm^-1  (      7.9928 THz )
     13    534.3103 cm^-1  (     16.0182 THz )
     14    534.3103 cm^-1  (     16.0182 THz )
     15    590.2698 cm^-1  (     17.6958 THz )

 # k point   167 : (  0.1300,  0.1300,  0.1300)
   Mode, Frequency 
      1     66.1060 cm^-1  (      1.9818 THz )
      2     66.1060 cm^-1  (      1.9818 THz )
      3    111.4135 cm^-1  (      3.3401 THz )
      4    150.6552 cm^-1  (      4.5165 THz )
      5    150.6552 cm^-1  (      4.5165 THz )
      6    193.4737 cm^-1  (      5.8002 THz )
      7    217.6046 cm^-1  (      6.5236 THz )
      8    221.6382 cm^-1  (      6.6445 THz )
      9    221.6382 cm^-1  (      6.6445 THz )
     10    258.2603 cm^-1  (      7.7424 THz )
     11    272.7662 cm^-1  (      8.1773 THz )
     12    272.7662 cm^-1  (      8.1773 THz )
     13    534.0264 cm^-1  (     16.0097 THz )
     14    534.0264 cm^-1  (     16.0097 THz )
     15    599.0586 cm^-1  (     17.9593 THz )

 # k point   168 : (  0.1400,  0.1400,  0.1400)
   Mode, Frequency 
      1     69.4980 cm^-1  (      2.0835 THz )
      2     69.4980 cm^-1  (      2.0835 THz )
      3    111.6075 cm^-1  (      3.3459 THz )
      4    156.3951 cm^-1  (      4.6886 THz )
      5    156.3951 cm^-1  (      4.6886 THz )
      6    202.2379 cm^-1  (      6.0629 THz )
      7    215.3527 cm^-1  (      6.4561 THz )
      8    231.4445 cm^-1  (      6.9385 THz )
      9    231.4445 cm^-1  (      6.9385 THz )
     10    274.8262 cm^-1  (      8.2391 THz )
     11    279.3930 cm^-1  (      8.3760 THz )
     12    279.3930 cm^-1  (      8.3760 THz )
     13    533.6418 cm^-1  (     15.9982 THz )
     14    533.6418 cm^-1  (     15.9982 THz )
     15    608.2517 cm^-1  (     18.2349 THz )

 # k point   169 : (  0.1500,  0.1500,  0.1500)
   Mode, Frequency 
      1     72.6889 cm^-1  (      2.1792 THz )
      2     72.6889 cm^-1  (      2.1792 THz )
      3    111.1175 cm^-1  (      3.3312 THz )
      4    161.1882 cm^-1  (      4.8323 THz )
      5    161.1882 cm^-1  (      4.8323 THz )
      6    211.3304 cm^-1  (      6.3355 THz )
      7    212.8641 cm^-1  (      6.3815 THz )
      8    241.2005 cm^-1  (      7.2310 THz )
      9    241.2005 cm^-1  (      7.2310 THz )
     10    286.4817 cm^-1  (      8.5885 THz )
     11    286.4817 cm^-1  (      8.5885 THz )
     12    290.5546 cm^-1  (      8.7106 THz )
     13    533.1439 cm^-1  (     15.9833 THz )
     14    533.1439 cm^-1  (     15.9833 THz )
     15    617.7841 cm^-1  (     18.5207 THz )

 # k point   170 : (  0.1600,  0.1600,  0.1600)
   Mode, Frequency 
      1     75.7038 cm^-1  (      2.2695 THz )
      2     75.7038 cm^-1  (      2.2695 THz )
      3    110.1554 cm^-1  (      3.3024 THz )
      4    165.1623 cm^-1  (      4.9514 THz )
      5    165.1623 cm^-1  (      4.9514 THz )
      6    210.1284 cm^-1  (      6.2995 THz )
      7    220.5670 cm^-1  (      6.6124 THz )
      8    250.7190 cm^-1  (      7.5164 THz )
      9    250.7190 cm^-1  (      7.5164 THz )
     10    294.0048 cm^-1  (      8.8140 THz )
     11    294.0048 cm^-1  (      8.8140 THz )
     12    305.4425 cm^-1  (      9.1569 THz )
     13    532.5205 cm^-1  (     15.9646 THz )
     14    532.5205 cm^-1  (     15.9646 THz )
     15    627.5888 cm^-1  (     18.8146 THz )

 # k point   171 : (  0.1700,  0.1700,  0.1700)
   Mode, Frequency 
      1     78.5654 cm^-1  (      2.3553 THz )
      2     78.5654 cm^-1  (      2.3553 THz )
      3    108.8833 cm^-1  (      3.2642 THz )
      4    168.4066 cm^-1  (      5.0487 THz )
      5    168.4066 cm^-1  (      5.0487 THz )
      6    207.1355 cm^-1  (      6.2098 THz )
      7    229.8179 cm^-1  (      6.8898 THz )
      8    259.8829 cm^-1  (      7.7911 THz )
      9    259.8829 cm^-1  (      7.7911 THz )
     10    301.9083 cm^-1  (      9.0510 THz )
     11    301.9083 cm^-1  (      9.0510 THz )
     12    319.4906 cm^-1  (      9.5781 THz )
     13    531.7610 cm^-1  (     15.9418 THz )
     14    531.7610 cm^-1  (     15.9418 THz )
     15    637.5980 cm^-1  (     19.1147 THz )

 # k point   172 : (  0.1800,  0.1800,  0.1800)
   Mode, Frequency 
      1     81.2934 cm^-1  (      2.4371 THz )
      2     81.2934 cm^-1  (      2.4371 THz )
      3    107.4269 cm^-1  (      3.2206 THz )
      4    170.9805 cm^-1  (      5.1259 THz )
      5    170.9805 cm^-1  (      5.1259 THz )
      6    203.8759 cm^-1  (      6.1120 THz )
      7    238.9940 cm^-1  (      7.1649 THz )
      8    268.6403 cm^-1  (      8.0536 THz )
      9    268.6403 cm^-1  (      8.0536 THz )
     10    310.1101 cm^-1  (      9.2969 THz )
     11    310.1101 cm^-1  (      9.2969 THz )
     12    332.7039 cm^-1  (      9.9742 THz )
     13    530.8561 cm^-1  (     15.9147 THz )
     14    530.8561 cm^-1  (     15.9147 THz )
     15    647.7437 cm^-1  (     19.4189 THz )

 # k point   173 : (  0.1900,  0.1900,  0.1900)
   Mode, Frequency 
      1     83.9048 cm^-1  (      2.5154 THz )
      2     83.9048 cm^-1  (      2.5154 THz )
      3    105.8876 cm^-1  (      3.1744 THz )
      4    172.9218 cm^-1  (      5.1841 THz )
      5    172.9218 cm^-1  (      5.1841 THz )
      6    200.3407 cm^-1  (      6.0061 THz )
      7    248.0343 cm^-1  (      7.4359 THz )
      8    276.9901 cm^-1  (      8.3040 THz )
      9    276.9901 cm^-1  (      8.3040 THz )
     10    318.5058 cm^-1  (      9.5486 THz )
     11    318.5058 cm^-1  (      9.5486 THz )
     12    345.0910 cm^-1  (     10.3456 THz )
     13    529.7983 cm^-1  (     15.8830 THz )
     14    529.7983 cm^-1  (     15.8830 THz )
     15    657.9592 cm^-1  (     19.7251 THz )

 # k point   174 : (  0.2000,  0.2000,  0.2000)
   Mode, Frequency 
      1     86.4132 cm^-1  (      2.5906 THz )
      2     86.4132 cm^-1  (      2.5906 THz )
      3    104.3498 cm^-1  (      3.1283 THz )
      4    174.2544 cm^-1  (      5.2240 THz )
      5    174.2544 cm^-1  (      5.2240 THz )
      6    196.5218 cm^-1  (      5.8916 THz )
      7    256.8972 cm^-1  (      7.7016 THz )
      8    284.9631 cm^-1  (      8.5430 THz )
      9    284.9631 cm^-1  (      8.5430 THz )
     10    326.9817 cm^-1  (      9.8027 THz )
     11    326.9817 cm^-1  (      9.8027 THz )
     12    356.6637 cm^-1  (     10.6925 THz )
     13    528.5821 cm^-1  (     15.8465 THz )
     14    528.5821 cm^-1  (     15.8465 THz )
     15    668.1801 cm^-1  (     20.0315 THz )

 # k point   175 : (  0.2100,  0.2100,  0.2100)
   Mode, Frequency 
      1     88.8293 cm^-1  (      2.6630 THz )
      2     88.8293 cm^-1  (      2.6630 THz )
      3    102.8861 cm^-1  (      3.0844 THz )
      4    174.9931 cm^-1  (      5.2462 THz )
      5    174.9931 cm^-1  (      5.2462 THz )
      6    192.4117 cm^-1  (      5.7684 THz )
      7    265.5552 cm^-1  (      7.9611 THz )
      8    292.6035 cm^-1  (      8.7720 THz )
      9    292.6035 cm^-1  (      8.7720 THz )
     10    335.4269 cm^-1  (     10.0558 THz )
     11    335.4269 cm^-1  (     10.0558 THz )
     12    367.4366 cm^-1  (     11.0155 THz )
     13    527.2045 cm^-1  (     15.8052 THz )
     14    527.2045 cm^-1  (     15.8052 THz )
     15    678.3449 cm^-1  (     20.3363 THz )

 # k point   176 : (  0.2200,  0.2200,  0.2200)
   Mode, Frequency 
      1     91.1603 cm^-1  (      2.7329 THz )
      2     91.1603 cm^-1  (      2.7329 THz )
      3    101.5595 cm^-1  (      3.0447 THz )
      4    175.1471 cm^-1  (      5.2508 THz )
      5    175.1471 cm^-1  (      5.2508 THz )
      6    188.0036 cm^-1  (      5.6362 THz )
      7    273.9900 cm^-1  (      8.2140 THz )
      8    299.9564 cm^-1  (      8.9925 THz )
      9    299.9564 cm^-1  (      8.9925 THz )
     10    343.7433 cm^-1  (     10.3052 THz )
     11    343.7433 cm^-1  (     10.3052 THz )
     12    377.4266 cm^-1  (     11.3150 THz )
     13    525.6647 cm^-1  (     15.7590 THz )
     14    525.6647 cm^-1  (     15.7590 THz )
     15    688.3964 cm^-1  (     20.6376 THz )

 # k point   177 : (  0.2300,  0.2300,  0.2300)
   Mode, Frequency 
      1     93.4104 cm^-1  (      2.8004 THz )
      2     93.4104 cm^-1  (      2.8004 THz )
      3    100.4245 cm^-1  (      3.0107 THz )
      4    174.7228 cm^-1  (      5.2381 THz )
      5    174.7228 cm^-1  (      5.2381 THz )
      6    183.2915 cm^-1  (      5.4949 THz )
      7    282.1907 cm^-1  (      8.4599 THz )
      8    307.0606 cm^-1  (      9.2054 THz )
      9    307.0606 cm^-1  (      9.2054 THz )
     10    351.8490 cm^-1  (     10.5482 THz )
     11    351.8490 cm^-1  (     10.5482 THz )
     12    386.6526 cm^-1  (     11.5916 THz )
     13    523.9646 cm^-1  (     15.7081 THz )
     14    523.9646 cm^-1  (     15.7081 THz )
     15    698.2816 cm^-1  (     20.9340 THz )

 # k point   178 : (  0.2400,  0.2400,  0.2400)
   Mode, Frequency 
      1     95.5807 cm^-1  (      2.8654 THz )
      2     95.5807 cm^-1  (      2.8654 THz )
      3     99.5273 cm^-1  (      2.9838 THz )
      4    173.7248 cm^-1  (      5.2081 THz )
      5    173.7248 cm^-1  (      5.2081 THz )
      6    178.2696 cm^-1  (      5.3444 THz )
      7    290.1513 cm^-1  (      8.6985 THz )
      8    313.9468 cm^-1  (      9.4119 THz )
      9    313.9468 cm^-1  (      9.4119 THz )
     10    359.6790 cm^-1  (     10.7829 THz )
     11    359.6790 cm^-1  (     10.7829 THz )
     12    395.1344 cm^-1  (     11.8458 THz )
     13    522.1091 cm^-1  (     15.6524 THz )
     14    522.1091 cm^-1  (     15.6524 THz )
     15    707.9529 cm^-1  (     21.2239 THz )

 # k point   179 : (  0.2500,  0.2500,  0.2500)
   Mode, Frequency 
      1     97.6686 cm^-1  (      2.9280 THz )
      2     97.6686 cm^-1  (      2.9280 THz )
      3     98.9051 cm^-1  (      2.9651 THz )
      4    172.1578 cm^-1  (      5.1612 THz )
      5    172.1578 cm^-1  (      5.1612 THz )
      6    172.9328 cm^-1  (      5.1844 THz )
      7    297.8696 cm^-1  (      8.9299 THz )
      8    320.6371 cm^-1  (      9.6125 THz )
      9    320.6371 cm^-1  (      9.6125 THz )
     10    367.1836 cm^-1  (     11.0079 THz )
     11    367.1836 cm^-1  (     11.0079 THz )
     12    402.8934 cm^-1  (     12.0784 THz )
     13    520.1056 cm^-1  (     15.5924 THz )
     14    520.1056 cm^-1  (     15.5924 THz )
     15    717.3678 cm^-1  (     21.5061 THz )

 # k point   180 : (  0.2600,  0.2600,  0.2600)
   Mode, Frequency 
      1     98.5855 cm^-1  (      2.9555 THz )
      2     99.6678 cm^-1  (      2.9880 THz )
      3     99.6678 cm^-1  (      2.9880 THz )
      4    167.2760 cm^-1  (      5.0148 THz )
      5    170.0272 cm^-1  (      5.0973 THz )
      6    170.0272 cm^-1  (      5.0973 THz )
      7    305.3463 cm^-1  (      9.1541 THz )
      8    327.1471 cm^-1  (      9.8076 THz )
      9    327.1471 cm^-1  (      9.8076 THz )
     10    374.3258 cm^-1  (     11.2220 THz )
     11    374.3258 cm^-1  (     11.2220 THz )
     12    409.9512 cm^-1  (     12.2900 THz )
     13    517.9642 cm^-1  (     15.5282 THz )
     14    517.9642 cm^-1  (     15.5282 THz )
     15    726.4892 cm^-1  (     21.7796 THz )

 # k point   181 : (  0.2700,  0.2700,  0.2700)
   Mode, Frequency 
      1     98.5853 cm^-1  (      2.9555 THz )
      2    101.5676 cm^-1  (      3.0449 THz )
      3    101.5676 cm^-1  (      3.0449 THz )
      4    161.2940 cm^-1  (      4.8355 THz )
      5    167.3409 cm^-1  (      5.0168 THz )
      6    167.3409 cm^-1  (      5.0168 THz )
      7    312.5845 cm^-1  (      9.3710 THz )
      8    333.4867 cm^-1  (      9.9977 THz )
      9    333.4867 cm^-1  (      9.9977 THz )
     10    381.0789 cm^-1  (     11.4245 THz )
     11    381.0789 cm^-1  (     11.4245 THz )
     12    416.3303 cm^-1  (     12.4813 THz )
     13    515.6979 cm^-1  (     15.4602 THz )
     14    515.6979 cm^-1  (     15.4602 THz )
     15    735.2857 cm^-1  (     22.0433 THz )

 # k point   182 : (  0.2800,  0.2800,  0.2800)
   Mode, Frequency 
      1     98.9108 cm^-1  (      2.9653 THz )
      2    103.3507 cm^-1  (      3.0984 THz )
      3    103.3507 cm^-1  (      3.0984 THz )
      4    154.9811 cm^-1  (      4.6462 THz )
      5    164.1108 cm^-1  (      4.9199 THz )
      6    164.1108 cm^-1  (      4.9199 THz )
      7    319.5888 cm^-1  (      9.5810 THz )
      8    339.6615 cm^-1  (     10.1828 THz )
      9    339.6615 cm^-1  (     10.1828 THz )
     10    387.4245 cm^-1  (     11.6147 THz )
     11    387.4245 cm^-1  (     11.6147 THz )
     12    422.0536 cm^-1  (     12.6528 THz )
     13    513.3221 cm^-1  (     15.3890 THz )
     14    513.3221 cm^-1  (     15.3890 THz )
     15    743.7308 cm^-1  (     22.2965 THz )

 # k point   183 : (  0.2900,  0.2900,  0.2900)
   Mode, Frequency 
      1     99.5572 cm^-1  (      2.9846 THz )
      2    104.9912 cm^-1  (      3.1476 THz )
      3    104.9912 cm^-1  (      3.1476 THz )
      4    148.3303 cm^-1  (      4.4468 THz )
      5    160.3562 cm^-1  (      4.8074 THz )
      6    160.3562 cm^-1  (      4.8074 THz )
      7    326.3654 cm^-1  (      9.7842 THz )
      8    345.6743 cm^-1  (     10.3631 THz )
      9    345.6743 cm^-1  (     10.3631 THz )
     10    393.3505 cm^-1  (     11.7924 THz )
     11    393.3505 cm^-1  (     11.7924 THz )
     12    427.1441 cm^-1  (     12.8055 THz )
     13    510.8548 cm^-1  (     15.3150 THz )
     14    510.8548 cm^-1  (     15.3150 THz )
     15    751.8033 cm^-1  (     22.5385 THz )

 # k point   184 : (  0.3000,  0.3000,  0.3000)
   Mode, Frequency 
      1    100.5095 cm^-1  (      3.0132 THz )
      2    106.4479 cm^-1  (      3.1912 THz )
      3    106.4479 cm^-1  (      3.1912 THz )
      4    141.3329 cm^-1  (      4.2371 THz )
      5    156.1094 cm^-1  (      4.6800 THz )
      6    156.1094 cm^-1  (      4.6800 THz )
      7    332.9212 cm^-1  (      9.9807 THz )
      8    351.5255 cm^-1  (     10.5385 THz )
      9    351.5255 cm^-1  (     10.5385 THz )
     10    398.8500 cm^-1  (     11.9572 THz )
     11    398.8500 cm^-1  (     11.9572 THz )
     12    431.6250 cm^-1  (     12.9398 THz )
     13    508.3159 cm^-1  (     15.2389 THz )
     14    508.3159 cm^-1  (     15.2389 THz )
     15    759.4864 cm^-1  (     22.7688 THz )

 # k point   185 : (  0.3100,  0.3100,  0.3100)
   Mode, Frequency 
      1    101.7439 cm^-1  (      3.0502 THz )
      2    107.6540 cm^-1  (      3.2274 THz )
      3    107.6540 cm^-1  (      3.2274 THz )
      4    133.9770 cm^-1  (      4.0165 THz )
      5    151.4270 cm^-1  (      4.5397 THz )
      6    151.4270 cm^-1  (      4.5397 THz )
      7    339.2640 cm^-1  (     10.1709 THz )
      8    357.2138 cm^-1  (     10.7090 THz )
      9    357.2138 cm^-1  (     10.7090 THz )
     10    403.9199 cm^-1  (     12.1092 THz )
     11    403.9199 cm^-1  (     12.1092 THz )
     12    435.5198 cm^-1  (     13.0566 THz )
     13    505.7272 cm^-1  (     15.1613 THz )
     14    505.7272 cm^-1  (     15.1613 THz )
     15    766.7680 cm^-1  (     22.9871 THz )

 # k point   186 : (  0.3200,  0.3200,  0.3200)
   Mode, Frequency 
      1    103.2289 cm^-1  (      3.0947 THz )
      2    108.4930 cm^-1  (      3.2525 THz )
      3    108.4930 cm^-1  (      3.2525 THz )
      4    126.2463 cm^-1  (      3.7848 THz )
      5    146.4120 cm^-1  (      4.3893 THz )
      6    146.4120 cm^-1  (      4.3893 THz )
      7    345.4021 cm^-1  (     10.3549 THz )
      8    362.7364 cm^-1  (     10.8746 THz )
      9    362.7364 cm^-1  (     10.8746 THz )
     10    408.5603 cm^-1  (     12.2483 THz )
     11    408.5603 cm^-1  (     12.2483 THz )
     12    438.8520 cm^-1  (     13.1565 THz )
     13    503.1122 cm^-1  (     15.0829 THz )
     14    503.1122 cm^-1  (     15.0829 THz )
     15    773.6397 cm^-1  (     23.1931 THz )

 # k point   187 : (  0.3300,  0.3300,  0.3300)
   Mode, Frequency 
      1    104.9276 cm^-1  (      3.1457 THz )
      2    108.7540 cm^-1  (      3.2604 THz )
      3    108.7540 cm^-1  (      3.2604 THz )
      4    118.1171 cm^-1  (      3.5411 THz )
      5    141.2590 cm^-1  (      4.2348 THz )
      6    141.2590 cm^-1  (      4.2348 THz )
      7    351.3441 cm^-1  (     10.5330 THz )
      8    368.0897 cm^-1  (     11.0351 THz )
      9    368.0897 cm^-1  (     11.0351 THz )
     10    412.7734 cm^-1  (     12.3746 THz )
     11    412.7734 cm^-1  (     12.3746 THz )
     12    441.6451 cm^-1  (     13.2402 THz )
     13    500.4952 cm^-1  (     15.0045 THz )
     14    500.4952 cm^-1  (     15.0045 THz )
     15    780.0966 cm^-1  (     23.3867 THz )

 # k point   188 : (  0.3400,  0.3400,  0.3400)
   Mode, Frequency 
      1    106.7990 cm^-1  (      3.2018 THz )
      2    108.0540 cm^-1  (      3.2394 THz )
      3    108.0540 cm^-1  (      3.2394 THz )
      4    109.5549 cm^-1  (      3.2844 THz )
      5    136.3289 cm^-1  (      4.0870 THz )
      6    136.3289 cm^-1  (      4.0870 THz )
      7    357.0986 cm^-1  (     10.7055 THz )
      8    373.2691 cm^-1  (     11.1903 THz )
      9    373.2691 cm^-1  (     11.1903 THz )
     10    416.5638 cm^-1  (     12.4883 THz )
     11    416.5638 cm^-1  (     12.4883 THz )
     12    443.9225 cm^-1  (     13.3085 THz )
     13    497.9016 cm^-1  (     14.9267 THz )
     14    497.9016 cm^-1  (     14.9267 THz )
     15    786.1369 cm^-1  (     23.5678 THz )

 # k point   189 : (  0.3500,  0.3500,  0.3500)
   Mode, Frequency 
      1    100.5078 cm^-1  (      3.0131 THz )
      2    105.7961 cm^-1  (      3.1717 THz )
      3    105.7961 cm^-1  (      3.1717 THz )
      4    108.8003 cm^-1  (      3.2618 THz )
      5    132.1887 cm^-1  (      3.9629 THz )
      6    132.1887 cm^-1  (      3.9629 THz )
      7    362.6739 cm^-1  (     10.8727 THz )
      8    378.2696 cm^-1  (     11.3402 THz )
      9    378.2696 cm^-1  (     11.3402 THz )
     10    419.9373 cm^-1  (     12.5894 THz )
     11    419.9373 cm^-1  (     12.5894 THz )
     12    445.7076 cm^-1  (     13.3620 THz )
     13    495.3565 cm^-1  (     14.8504 THz )
     14    495.3565 cm^-1  (     14.8504 THz )
     15    791.7614 cm^-1  (     23.7364 THz )

 # k point   190 : (  0.3600,  0.3600,  0.3600)
   Mode, Frequency 
      1     90.8948 cm^-1  (      2.7250 THz )
      2    101.4058 cm^-1  (      3.0401 THz )
      3    101.4058 cm^-1  (      3.0401 THz )
      4    110.8879 cm^-1  (      3.3243 THz )
      5    129.3688 cm^-1  (      3.8784 THz )
      6    129.3688 cm^-1  (      3.8784 THz )
      7    368.0781 cm^-1  (     11.0347 THz )
      8    383.0855 cm^-1  (     11.4846 THz )
      9    383.0855 cm^-1  (     11.4846 THz )
     10    422.9012 cm^-1  (     12.6783 THz )
     11    422.9012 cm^-1  (     12.6783 THz )
     12    447.0235 cm^-1  (     13.4014 THz )
     13    492.8851 cm^-1  (     14.7763 THz )
     14    492.8851 cm^-1  (     14.7763 THz )
     15    796.9733 cm^-1  (     23.8927 THz )

 # k point   191 : (  0.3700,  0.3700,  0.3700)
   Mode, Frequency 
      1     80.5839 cm^-1  (      2.4158 THz )
      2     94.7901 cm^-1  (      2.8417 THz )
      3     94.7901 cm^-1  (      2.8417 THz )
      4    113.0191 cm^-1  (      3.3882 THz )
      5    127.8948 cm^-1  (      3.8342 THz )
      6    127.8948 cm^-1  (      3.8342 THz )
      7    373.3187 cm^-1  (     11.1918 THz )
      8    387.7106 cm^-1  (     11.6233 THz )
      9    387.7106 cm^-1  (     11.6233 THz )
     10    425.4641 cm^-1  (     12.7551 THz )
     11    425.4641 cm^-1  (     12.7551 THz )
     12    447.8933 cm^-1  (     13.4275 THz )
     13    490.5113 cm^-1  (     14.7052 THz )
     14    490.5113 cm^-1  (     14.7052 THz )
     15    801.7774 cm^-1  (     24.0367 THz )

 # k point   192 : (  0.3800,  0.3800,  0.3800)
   Mode, Frequency 
      1     69.3429 cm^-1  (      2.0788 THz )
      2     86.2493 cm^-1  (      2.5857 THz )
      3     86.2493 cm^-1  (      2.5857 THz )
      4    115.1531 cm^-1  (      3.4522 THz )
      5    127.3571 cm^-1  (      3.8181 THz )
      6    127.3571 cm^-1  (      3.8181 THz )
      7    378.4024 cm^-1  (     11.3442 THz )
      8    392.1385 cm^-1  (     11.7560 THz )
      9    392.1385 cm^-1  (     11.7560 THz )
     10    427.6357 cm^-1  (     12.8202 THz )
     11    427.6357 cm^-1  (     12.8202 THz )
     12    448.3395 cm^-1  (     13.4409 THz )
     13    488.2577 cm^-1  (     14.6376 THz )
     14    488.2577 cm^-1  (     14.6376 THz )
     15    806.1799 cm^-1  (     24.1687 THz )

 # k point   193 : (  0.3900,  0.3900,  0.3900)
   Mode, Frequency 
      1     56.7129 cm^-1  (      1.7002 THz )
      2     76.0031 cm^-1  (      2.2785 THz )
      3     76.0031 cm^-1  (      2.2785 THz )
      4    117.2515 cm^-1  (      3.5151 THz )
      5    127.3447 cm^-1  (      3.8177 THz )
      6    127.3447 cm^-1  (      3.8177 THz )
      7    383.3350 cm^-1  (     11.4921 THz )
      8    396.3627 cm^-1  (     11.8827 THz )
      9    396.3627 cm^-1  (     11.8827 THz )
     10    429.4273 cm^-1  (     12.8739 THz )
     11    429.4273 cm^-1  (     12.8739 THz )
     12    448.3844 cm^-1  (     13.4422 THz )
     13    486.1445 cm^-1  (     14.5742 THz )
     14    486.1445 cm^-1  (     14.5742 THz )
     15    810.1883 cm^-1  (     24.2888 THz )

 # k point   194 : (  0.4000,  0.4000,  0.4000)
   Mode, Frequency 
      1     41.5620 cm^-1  (      1.2460 THz )
      2     63.9405 cm^-1  (      1.9169 THz )
      3     63.9405 cm^-1  (      1.9169 THz )
      4    119.2790 cm^-1  (      3.5759 THz )
      5    127.5981 cm^-1  (      3.8253 THz )
      6    127.5981 cm^-1  (      3.8253 THz )
      7    388.1209 cm^-1  (     11.6356 THz )
      8    400.3765 cm^-1  (     12.0030 THz )
      9    400.3765 cm^-1  (     12.0030 THz )
     10    430.8517 cm^-1  (     12.9166 THz )
     11    430.8517 cm^-1  (     12.9166 THz )
     12    448.0500 cm^-1  (     13.4322 THz )
     13    484.1891 cm^-1  (     14.5156 THz )
     14    484.1891 cm^-1  (     14.5156 THz )
     15    813.8105 cm^-1  (     24.3974 THz )

 # k point   195 : (  0.4100,  0.4100,  0.4100)
   Mode, Frequency 
      1     18.7312 cm^-1  (      0.5615 THz )
      2     49.3496 cm^-1  (      1.4795 THz )
      3     49.3496 cm^-1  (      1.4795 THz )
      4    121.2035 cm^-1  (      3.6336 THz )
      5    127.9731 cm^-1  (      3.8365 THz )
      6    127.9731 cm^-1  (      3.8365 THz )
      7    392.7637 cm^-1  (     11.7748 THz )
      8    404.1731 cm^-1  (     12.1168 THz )
      9    404.1731 cm^-1  (     12.1168 THz )
     10    431.9236 cm^-1  (     12.9487 THz )
     11    431.9236 cm^-1  (     12.9487 THz )
     12    447.3576 cm^-1  (     13.4114 THz )
     13    482.4053 cm^-1  (     14.4621 THz )
     14    482.4053 cm^-1  (     14.4621 THz )
     15    817.0549 cm^-1  (     24.4947 THz )

 # k point   196 : (  0.4200,  0.4200,  0.4200)
   Mode, Frequency 
      1    -30.0786 cm^-1  (     -0.9017 THz )
      2     29.3467 cm^-1  (      0.8798 THz )
      3     29.3467 cm^-1  (      0.8798 THz )
      4    122.9968 cm^-1  (      3.6874 THz )
      5    128.3898 cm^-1  (      3.8490 THz )
      6    128.3898 cm^-1  (      3.8490 THz )
      7    397.2650 cm^-1  (     11.9097 THz )
      8    407.7461 cm^-1  (     12.2239 THz )
      9    407.7461 cm^-1  (     12.2239 THz )
     10    432.6590 cm^-1  (     12.9708 THz )
     11    432.6590 cm^-1  (     12.9708 THz )
     12    446.3281 cm^-1  (     13.3806 THz )
     13    480.8035 cm^-1  (     14.4141 THz )
     14    480.8035 cm^-1  (     14.4141 THz )
     15    819.9301 cm^-1  (     24.5809 THz )

 # k point   197 : (  0.4300,  0.4300,  0.4300)
   Mode, Frequency 
      1    -45.0726 cm^-1  (     -1.3512 THz )
      2    -24.4950 cm^-1  (     -0.7343 THz )
      3    -24.4950 cm^-1  (     -0.7343 THz )
      4    124.6338 cm^-1  (      3.7364 THz )
      5    128.8031 cm^-1  (      3.8614 THz )
      6    128.8031 cm^-1  (      3.8614 THz )
      7    401.6251 cm^-1  (     12.0404 THz )
      8    411.0892 cm^-1  (     12.3241 THz )
      9    411.0892 cm^-1  (     12.3241 THz )
     10    433.0756 cm^-1  (     12.9833 THz )
     11    433.0756 cm^-1  (     12.9833 THz )
     12    444.9819 cm^-1  (     13.3402 THz )
     13    479.3903 cm^-1  (     14.3718 THz )
     14    479.3903 cm^-1  (     14.3718 THz )
     15    822.4442 cm^-1  (     24.6563 THz )

 # k point   198 : (  0.4400,  0.4400,  0.4400)
   Mode, Frequency 
      1    -54.9781 cm^-1  (     -1.6482 THz )
      2    -43.8227 cm^-1  (     -1.3138 THz )
      3    -43.8227 cm^-1  (     -1.3138 THz )
      4    126.0933 cm^-1  (      3.7802 THz )
      5    129.1866 cm^-1  (      3.8729 THz )
      6    129.1866 cm^-1  (      3.8729 THz )
      7    405.8424 cm^-1  (     12.1668 THz )
      8    414.1962 cm^-1  (     12.4173 THz )
      9    414.1962 cm^-1  (     12.4173 THz )
     10    433.1923 cm^-1  (     12.9868 THz )
     11    433.1923 cm^-1  (     12.9868 THz )
     12    443.3391 cm^-1  (     13.2910 THz )
     13    478.1688 cm^-1  (     14.3351 THz )
     14    478.1688 cm^-1  (     14.3351 THz )
     15    824.6054 cm^-1  (     24.7210 THz )

 # k point   199 : (  0.4500,  0.4500,  0.4500)
   Mode, Frequency 
      1    -62.2234 cm^-1  (     -1.8654 THz )
      2    -55.4682 cm^-1  (     -1.6629 THz )
      3    -55.4682 cm^-1  (     -1.6629 THz )
      4    127.3571 cm^-1  (      3.8181 THz )
      5    129.5250 cm^-1  (      3.8831 THz )
      6    129.5250 cm^-1  (      3.8831 THz )
      7    409.9132 cm^-1  (     12.2889 THz )
      8    417.0607 cm^-1  (     12.5032 THz )
      9    417.0607 cm^-1  (     12.5032 THz )
     10    433.0283 cm^-1  (     12.9819 THz )
     11    433.0283 cm^-1  (     12.9819 THz )
     12    441.4193 cm^-1  (     13.2334 THz )
     13    477.1396 cm^-1  (     14.3043 THz )
     14    477.1396 cm^-1  (     14.3043 THz )
     15    826.4206 cm^-1  (     24.7755 THz )

 # k point   200 : (  0.4600,  0.4600,  0.4600)
   Mode, Frequency 
      1    -67.6297 cm^-1  (     -2.0275 THz )
      2    -63.6349 cm^-1  (     -1.9077 THz )
      3    -63.6349 cm^-1  (     -1.9077 THz )
      4    128.4105 cm^-1  (      3.8496 THz )
      5    129.8090 cm^-1  (      3.8916 THz )
      6    129.8090 cm^-1  (      3.8916 THz )
      7    413.8309 cm^-1  (     12.4063 THz )
      8    419.6752 cm^-1  (     12.5815 THz )
      9    419.6752 cm^-1  (     12.5815 THz )
     10    432.6039 cm^-1  (     12.9691 THz )
     11    432.6039 cm^-1  (     12.9691 THz )
     12    439.2428 cm^-1  (     13.1682 THz )
     13    476.3016 cm^-1  (     14.2792 THz )
     14    476.3016 cm^-1  (     14.2792 THz )
     15    827.8965 cm^-1  (     24.8197 THz )

 # k point   201 : (  0.4700,  0.4700,  0.4700)
   Mode, Frequency 
      1    -71.5844 cm^-1  (     -2.1460 THz )
      2    -69.4445 cm^-1  (     -2.0819 THz )
      3    -69.4445 cm^-1  (     -2.0819 THz )
      4    129.2416 cm^-1  (      3.8746 THz )
      5    130.0333 cm^-1  (      3.8983 THz )
      6    130.0333 cm^-1  (      3.8983 THz )
      7    417.5840 cm^-1  (     12.5189 THz )
      8    422.0272 cm^-1  (     12.6521 THz )
      9    422.0272 cm^-1  (     12.6521 THz )
     10    431.9429 cm^-1  (     12.9493 THz )
     11    431.9429 cm^-1  (     12.9493 THz )
     12    436.8324 cm^-1  (     13.0959 THz )
     13    475.6528 cm^-1  (     14.2597 THz )
     14    475.6528 cm^-1  (     14.2597 THz )
     15    829.0385 cm^-1  (     24.8539 THz )

 # k point   202 : (  0.4800,  0.4800,  0.4800)
   Mode, Frequency 
      1    -74.2968 cm^-1  (     -2.2274 THz )
      2    -73.3737 cm^-1  (     -2.1997 THz )
      3    -73.3737 cm^-1  (     -2.1997 THz )
      4    129.8415 cm^-1  (      3.8926 THz )
      5    130.1951 cm^-1  (      3.9032 THz )
      6    130.1951 cm^-1  (      3.9032 THz )
      7    421.1480 cm^-1  (     12.6257 THz )
      8    424.0865 cm^-1  (     12.7138 THz )
      9    424.0865 cm^-1  (     12.7138 THz )
     10    431.0846 cm^-1  (     12.9236 THz )
     11    431.0846 cm^-1  (     12.9236 THz )
     12    434.2213 cm^-1  (     13.0176 THz )
     13    475.1911 cm^-1  (     14.2459 THz )
     14    475.1911 cm^-1  (     14.2459 THz )
     15    829.8510 cm^-1  (     24.8783 THz )

 # k point   203 : (  0.4900,  0.4900,  0.4900)
   Mode, Frequency 
      1    -75.8841 cm^-1  (     -2.2749 THz )
      2    -75.6571 cm^-1  (     -2.2681 THz )
      3    -75.6571 cm^-1  (     -2.2681 THz )
      4    130.2040 cm^-1  (      3.9034 THz )
      5    130.2926 cm^-1  (      3.9061 THz )
      6    130.2926 cm^-1  (      3.9061 THz )
      7    424.4353 cm^-1  (     12.7243 THz )
      8    425.7467 cm^-1  (     12.7636 THz )
      9    425.7467 cm^-1  (     12.7636 THz )
     10    430.1423 cm^-1  (     12.8953 THz )
     11    430.1423 cm^-1  (     12.8953 THz )
     12    431.5031 cm^-1  (     12.9361 THz )
     13    474.9147 cm^-1  (     14.2376 THz )
     14    474.9147 cm^-1  (     14.2376 THz )
     15    830.3372 cm^-1  (     24.8929 THz )

 # k point   204 : (  0.5000,  0.5000,  0.5000)
   Mode, Frequency 
      1    -76.4069 cm^-1  (     -2.2906 THz )
      2    -76.4069 cm^-1  (     -2.2906 THz )
      3    -76.4069 cm^-1  (     -2.2906 THz )
      4    130.3252 cm^-1  (      3.9071 THz )
      5    130.3252 cm^-1  (      3.9071 THz )
      6    130.3252 cm^-1  (      3.9071 THz )
      7    426.5281 cm^-1  (     12.7870 THz )
      8    426.5281 cm^-1  (     12.7870 THz )
      9    426.5281 cm^-1  (     12.7870 THz )
     10    429.5997 cm^-1  (     12.8791 THz )
     11    429.5997 cm^-1  (     12.8791 THz )
     12    429.5997 cm^-1  (     12.8791 THz )
     13    474.8227 cm^-1  (     14.2348 THz )
     14    474.8227 cm^-1  (     14.2348 THz )
     15    830.4990 cm^-1  (     24.8977 THz )

 # k point   205 : (  0.5000,  0.5000,  0.5000)
   Mode, Frequency 
      1    -76.4069 cm^-1  (     -2.2906 THz )
      2    -76.4069 cm^-1  (     -2.2906 THz )
      3    -76.4069 cm^-1  (     -2.2906 THz )
      4    130.3252 cm^-1  (      3.9071 THz )
      5    130.3252 cm^-1  (      3.9071 THz )
      6    130.3252 cm^-1  (      3.9071 THz )
      7    426.5281 cm^-1  (     12.7870 THz )
      8    426.5281 cm^-1  (     12.7870 THz )
      9    426.5281 cm^-1  (     12.7870 THz )
     10    429.5997 cm^-1  (     12.8791 THz )
     11    429.5997 cm^-1  (     12.8791 THz )
     12    429.5997 cm^-1  (     12.8791 THz )
     13    474.8227 cm^-1  (     14.2348 THz )
     14    474.8227 cm^-1  (     14.2348 THz )
     15    830.4990 cm^-1  (     24.8977 THz )

 # k point   206 : (  0.5000,  0.5000,  0.4900)
   Mode, Frequency 
      1    -76.3665 cm^-1  (     -2.2894 THz )
      2    -76.0906 cm^-1  (     -2.2811 THz )
      3    -76.0906 cm^-1  (     -2.2811 THz )
      4    130.3013 cm^-1  (      3.9063 THz )
      5    130.3061 cm^-1  (      3.9065 THz )
      6    130.3061 cm^-1  (      3.9065 THz )
      7    425.8044 cm^-1  (     12.7653 THz )
      8    425.8044 cm^-1  (     12.7653 THz )
      9    426.5560 cm^-1  (     12.7878 THz )
     10    429.4026 cm^-1  (     12.8732 THz )
     11    430.2969 cm^-1  (     12.9000 THz )
     12    430.2969 cm^-1  (     12.9000 THz )
     13    474.8520 cm^-1  (     14.2357 THz )
     14    474.8547 cm^-1  (     14.2358 THz )
     15    830.4451 cm^-1  (     24.8961 THz )

 # k point   207 : (  0.5000,  0.5000,  0.4800)
   Mode, Frequency 
      1    -76.2452 cm^-1  (     -2.2858 THz )
      2    -75.1342 cm^-1  (     -2.2525 THz )
      3    -75.1342 cm^-1  (     -2.2525 THz )
      4    130.2295 cm^-1  (      3.9042 THz )
      5    130.2488 cm^-1  (      3.9048 THz )
      6    130.2488 cm^-1  (      3.9048 THz )
      7    424.3903 cm^-1  (     12.7229 THz )
      8    424.3903 cm^-1  (     12.7229 THz )
      9    426.6395 cm^-1  (     12.7903 THz )
     10    428.8118 cm^-1  (     12.8555 THz )
     11    431.6313 cm^-1  (     12.9400 THz )
     12    431.6313 cm^-1  (     12.9400 THz )
     13    474.9392 cm^-1  (     14.2383 THz )
     14    474.9506 cm^-1  (     14.2387 THz )
     15    830.2839 cm^-1  (     24.8913 THz )

 # k point   208 : (  0.5000,  0.5000,  0.4700)
   Mode, Frequency 
      1    -76.0431 cm^-1  (     -2.2797 THz )
      2    -73.5147 cm^-1  (     -2.2039 THz )
      3    -73.5147 cm^-1  (     -2.2039 THz )
      4    130.1101 cm^-1  (      3.9006 THz )
      5    130.1536 cm^-1  (      3.9019 THz )
      6    130.1536 cm^-1  (      3.9019 THz )
      7    422.7919 cm^-1  (     12.6750 THz )
      8    422.7919 cm^-1  (     12.6750 THz )
      9    426.7782 cm^-1  (     12.7945 THz )
     10    427.8279 cm^-1  (     12.8260 THz )
     11    433.0969 cm^-1  (     12.9839 THz )
     12    433.0969 cm^-1  (     12.9839 THz )
     13    475.0830 cm^-1  (     14.2426 THz )
     14    475.1100 cm^-1  (     14.2434 THz )
     15    830.0164 cm^-1  (     24.8833 THz )

 # k point   209 : (  0.5000,  0.5000,  0.4600)
   Mode, Frequency 
      1    -75.7605 cm^-1  (     -2.2712 THz )
      2    -71.1898 cm^-1  (     -2.1342 THz )
      3    -71.1898 cm^-1  (     -2.1342 THz )
      4    129.9433 cm^-1  (      3.8956 THz )
      5    130.0209 cm^-1  (      3.8979 THz )
      6    130.0209 cm^-1  (      3.8979 THz )
      7    421.1154 cm^-1  (     12.6247 THz )
      8    421.1154 cm^-1  (     12.6247 THz )
      9    426.4522 cm^-1  (     12.7847 THz )
     10    426.9715 cm^-1  (     12.8003 THz )
     11    434.5869 cm^-1  (     13.0286 THz )
     12    434.5869 cm^-1  (     13.0286 THz )
     13    475.2809 cm^-1  (     14.2486 THz )
     14    475.3321 cm^-1  (     14.2501 THz )
     15    829.6446 cm^-1  (     24.8721 THz )

 # k point   210 : (  0.5000,  0.5000,  0.4500)
   Mode, Frequency 
      1    -75.3974 cm^-1  (     -2.2604 THz )
      2    -68.0919 cm^-1  (     -2.0413 THz )
      3    -68.0919 cm^-1  (     -2.0413 THz )
      4    129.7296 cm^-1  (      3.8892 THz )
      5    129.8509 cm^-1  (      3.8928 THz )
      6    129.8509 cm^-1  (      3.8928 THz )
      7    419.3896 cm^-1  (     12.5730 THz )
      8    419.3896 cm^-1  (     12.5730 THz )
      9    424.6862 cm^-1  (     12.7318 THz )
     10    427.2187 cm^-1  (     12.8077 THz )
     11    436.0725 cm^-1  (     13.0731 THz )
     12    436.0725 cm^-1  (     13.0731 THz )
     13    475.5295 cm^-1  (     14.2560 THz )
     14    475.6161 cm^-1  (     14.2586 THz )
     15    829.1715 cm^-1  (     24.8579 THz )

 # k point   211 : (  0.5000,  0.5000,  0.4400)
   Mode, Frequency 
      1    -74.9543 cm^-1  (     -2.2471 THz )
      2    -64.1154 cm^-1  (     -1.9221 THz )
      3    -64.1154 cm^-1  (     -1.9221 THz )
      4    129.4695 cm^-1  (      3.8814 THz )
      5    129.6445 cm^-1  (      3.8866 THz )
      6    129.6445 cm^-1  (      3.8866 THz )
      7    417.6247 cm^-1  (     12.5201 THz )
      8    417.6247 cm^-1  (     12.5201 THz )
      9    422.5321 cm^-1  (     12.6672 THz )
     10    427.5187 cm^-1  (     12.8167 THz )
     11    437.5430 cm^-1  (     13.1172 THz )
     12    437.5430 cm^-1  (     13.1172 THz )
     13    475.8246 cm^-1  (     14.2649 THz )
     14    475.9606 cm^-1  (     14.2689 THz )
     15    828.6003 cm^-1  (     24.8408 THz )

 # k point   212 : (  0.5000,  0.5000,  0.4300)
   Mode, Frequency 
      1    -74.4313 cm^-1  (     -2.2314 THz )
      2    -59.0913 cm^-1  (     -1.7715 THz )
      3    -59.0913 cm^-1  (     -1.7715 THz )
      4    129.1637 cm^-1  (      3.8722 THz )
      5    129.4023 cm^-1  (      3.8794 THz )
      6    129.4023 cm^-1  (      3.8794 THz )
      7    415.8251 cm^-1  (     12.4661 THz )
      8    415.8251 cm^-1  (     12.4661 THz )
      9    419.9927 cm^-1  (     12.5911 THz )
     10    427.8702 cm^-1  (     12.8272 THz )
     11    438.9935 cm^-1  (     13.1607 THz )
     12    438.9935 cm^-1  (     13.1607 THz )
     13    476.1612 cm^-1  (     14.2750 THz )
     14    476.3642 cm^-1  (     14.2810 THz )
     15    827.9355 cm^-1  (     24.8209 THz )

 # k point   213 : (  0.5000,  0.5000,  0.4200)
   Mode, Frequency 
      1    -73.8290 cm^-1  (     -2.2133 THz )
      2    -52.7318 cm^-1  (     -1.5809 THz )
      3    -52.7318 cm^-1  (     -1.5809 THz )
      4    128.8130 cm^-1  (      3.8617 THz )
      5    129.1251 cm^-1  (      3.8711 THz )
      6    129.1251 cm^-1  (      3.8711 THz )
      7    413.9927 cm^-1  (     12.4112 THz )
      8    413.9927 cm^-1  (     12.4112 THz )
      9    417.0709 cm^-1  (     12.5035 THz )
     10    428.2717 cm^-1  (     12.8393 THz )
     11    440.4213 cm^-1  (     13.2035 THz )
     12    440.4213 cm^-1  (     13.2035 THz )
     13    476.5334 cm^-1  (     14.2861 THz )
     14    476.8252 cm^-1  (     14.2949 THz )
     15    827.1819 cm^-1  (     24.7983 THz )

 # k point   214 : (  0.5000,  0.5000,  0.4100)
   Mode, Frequency 
      1    -73.1477 cm^-1  (     -2.1929 THz )
      2    -44.4824 cm^-1  (     -1.3335 THz )
      3    -44.4824 cm^-1  (     -1.3335 THz )
      4    128.4183 cm^-1  (      3.8499 THz )
      5    128.8141 cm^-1  (      3.8617 THz )
      6    128.8141 cm^-1  (      3.8617 THz )
      7    412.1284 cm^-1  (     12.3553 THz )
      8    412.1284 cm^-1  (     12.3553 THz )
      9    413.7703 cm^-1  (     12.4045 THz )
     10    428.7216 cm^-1  (     12.8528 THz )
     11    441.8251 cm^-1  (     13.2456 THz )
     12    441.8251 cm^-1  (     13.2456 THz )
     13    476.9346 cm^-1  (     14.2981 THz )
     14    477.3416 cm^-1  (     14.3103 THz )
     15    826.3451 cm^-1  (     24.7732 THz )

 # k point   215 : (  0.5000,  0.5000,  0.4000)
   Mode, Frequency 
      1    -72.3880 cm^-1  (     -2.1701 THz )
      2    -32.9755 cm^-1  (     -0.9886 THz )
      3    -32.9755 cm^-1  (     -0.9886 THz )
      4    127.9807 cm^-1  (      3.8368 THz )
      5    128.4703 cm^-1  (      3.8514 THz )
      6    128.4703 cm^-1  (      3.8514 THz )
      7    410.0951 cm^-1  (     12.2943 THz )
      8    410.2326 cm^-1  (     12.2985 THz )
      9    410.2326 cm^-1  (     12.2985 THz )
     10    429.2179 cm^-1  (     12.8676 THz )
     11    443.2036 cm^-1  (     13.2869 THz )
     12    443.2036 cm^-1  (     13.2869 THz )
     13    477.3577 cm^-1  (     14.3108 THz )
     14    477.9111 cm^-1  (     14.3274 THz )
     15    825.4314 cm^-1  (     24.7458 THz )

 # k point   216 : (  0.5000,  0.5000,  0.3900)
   Mode, Frequency 
      1    -71.5504 cm^-1  (     -2.1450 THz )
      2    -10.4107 cm^-1  (     -0.3121 THz )
      3    -10.4107 cm^-1  (     -0.3121 THz )
      4    127.5013 cm^-1  (      3.8224 THz )
      5    128.0949 cm^-1  (      3.8402 THz )
      6    128.0949 cm^-1  (      3.8402 THz )
      7    406.0497 cm^-1  (     12.1731 THz )
      8    408.3052 cm^-1  (     12.2407 THz )
      9    408.3052 cm^-1  (     12.2407 THz )
     10    429.7586 cm^-1  (     12.8838 THz )
     11    444.5561 cm^-1  (     13.3275 THz )
     12    444.5561 cm^-1  (     13.3275 THz )
     13    477.7951 cm^-1  (     14.3239 THz )
     14    478.5313 cm^-1  (     14.3460 THz )
     15    824.4475 cm^-1  (     24.7163 THz )

 # k point   217 : (  0.5000,  0.5000,  0.3800)
   Mode, Frequency 
      1    -70.6355 cm^-1  (     -2.1176 THz )
      2     30.9277 cm^-1  (      0.9272 THz )
      3     30.9277 cm^-1  (      0.9272 THz )
      4    126.9815 cm^-1  (      3.8068 THz )
      5    127.6893 cm^-1  (      3.8280 THz )
      6    127.6893 cm^-1  (      3.8280 THz )
      7    401.6392 cm^-1  (     12.0408 THz )
      8    406.3461 cm^-1  (     12.1819 THz )
      9    406.3461 cm^-1  (     12.1819 THz )
     10    430.3414 cm^-1  (     12.9013 THz )
     11    445.8819 cm^-1  (     13.3672 THz )
     12    445.8819 cm^-1  (     13.3672 THz )
     13    478.2386 cm^-1  (     14.3372 THz )
     14    479.1996 cm^-1  (     14.3660 THz )
     15    823.4008 cm^-1  (     24.6849 THz )

 # k point   218 : (  0.5000,  0.5000,  0.3700)
   Mode, Frequency 
      1    -69.6440 cm^-1  (     -2.0879 THz )
      2     45.8844 cm^-1  (      1.3756 THz )
      3     45.8844 cm^-1  (      1.3756 THz )
      4    126.4226 cm^-1  (      3.7901 THz )
      5    127.2550 cm^-1  (      3.8150 THz )
      6    127.2550 cm^-1  (      3.8150 THz )
      7    396.8691 cm^-1  (     11.8978 THz )
      8    404.3547 cm^-1  (     12.1222 THz )
      9    404.3547 cm^-1  (     12.1222 THz )
     10    430.9639 cm^-1  (     12.9200 THz )
     11    447.1805 cm^-1  (     13.4061 THz )
     12    447.1805 cm^-1  (     13.4061 THz )
     13    478.6799 cm^-1  (     14.3505 THz )
     14    479.9132 cm^-1  (     14.3874 THz )
     15    822.2991 cm^-1  (     24.6519 THz )

 # k point   219 : (  0.5000,  0.5000,  0.3600)
   Mode, Frequency 
      1    -68.5765 cm^-1  (     -2.0559 THz )
      2     57.7587 cm^-1  (      1.7316 THz )
      3     57.7587 cm^-1  (      1.7316 THz )
      4    125.8264 cm^-1  (      3.7722 THz )
      5    126.7936 cm^-1  (      3.8012 THz )
      6    126.7936 cm^-1  (      3.8012 THz )
      7    391.7456 cm^-1  (     11.7442 THz )
      8    402.3307 cm^-1  (     12.0616 THz )
      9    402.3307 cm^-1  (     12.0616 THz )
     10    431.6234 cm^-1  (     12.9397 THz )
     11    448.4514 cm^-1  (     13.4442 THz )
     12    448.4514 cm^-1  (     13.4442 THz )
     13    479.1103 cm^-1  (     14.3634 THz )
     14    480.6690 cm^-1  (     14.4101 THz )
     15    821.1504 cm^-1  (     24.6175 THz )

 # k point   220 : (  0.5000,  0.5000,  0.3500)
   Mode, Frequency 
      1    -67.4338 cm^-1  (     -2.0216 THz )
      2     68.1642 cm^-1  (      2.0435 THz )
      3     68.1642 cm^-1  (      2.0435 THz )
      4    125.1945 cm^-1  (      3.7532 THz )
      5    126.3067 cm^-1  (      3.7866 THz )
      6    126.3067 cm^-1  (      3.7866 THz )
      7    386.2751 cm^-1  (     11.5802 THz )
      8    400.2736 cm^-1  (     11.9999 THz )
      9    400.2736 cm^-1  (     11.9999 THz )
     10    432.3173 cm^-1  (     12.9605 THz )
     11    449.6941 cm^-1  (     13.4815 THz )
     12    449.6941 cm^-1  (     13.4815 THz )
     13    479.5213 cm^-1  (     14.3757 THz )
     14    481.4638 cm^-1  (     14.4339 THz )
     15    819.9631 cm^-1  (     24.5819 THz )

 # k point   221 : (  0.5000,  0.5000,  0.3400)
   Mode, Frequency 
      1    -66.2165 cm^-1  (     -1.9851 THz )
      2     77.6777 cm^-1  (      2.3287 THz )
      3     77.6777 cm^-1  (      2.3287 THz )
      4    124.5289 cm^-1  (      3.7333 THz )
      5    125.7962 cm^-1  (      3.7713 THz )
      6    125.7962 cm^-1  (      3.7713 THz )
      7    380.4648 cm^-1  (     11.4060 THz )
      8    398.1826 cm^-1  (     11.9372 THz )
      9    398.1826 cm^-1  (     11.9372 THz )
     10    433.0426 cm^-1  (     12.9823 THz )
     11    450.9080 cm^-1  (     13.5179 THz )
     12    450.9080 cm^-1  (     13.5179 THz )
     13    479.9042 cm^-1  (     14.3872 THz )
     14    482.2944 cm^-1  (     14.4588 THz )
     15    818.7460 cm^-1  (     24.5454 THz )

 # k point   222 : (  0.5000,  0.5000,  0.3300)
   Mode, Frequency 
      1    -64.9254 cm^-1  (     -1.9464 THz )
      2     86.5792 cm^-1  (      2.5956 THz )
      3     86.5792 cm^-1  (      2.5956 THz )
      4    123.8314 cm^-1  (      3.7124 THz )
      5    125.2639 cm^-1  (      3.7553 THz )
      6    125.2639 cm^-1  (      3.7553 THz )
      7    374.3223 cm^-1  (     11.2219 THz )
      8    396.0572 cm^-1  (     11.8735 THz )
      9    396.0572 cm^-1  (     11.8735 THz )
     10    433.7965 cm^-1  (     13.0049 THz )
     11    452.0928 cm^-1  (     13.5534 THz )
     12    452.0928 cm^-1  (     13.5534 THz )
     13    480.2507 cm^-1  (     14.3976 THz )
     14    483.1573 cm^-1  (     14.4847 THz )
     15    817.5078 cm^-1  (     24.5083 THz )

 # k point   223 : (  0.5000,  0.5000,  0.3200)
   Mode, Frequency 
      1    -63.5614 cm^-1  (     -1.9055 THz )
      2     95.0265 cm^-1  (      2.8488 THz )
      3     95.0265 cm^-1  (      2.8488 THz )
      4    123.1042 cm^-1  (      3.6906 THz )
      5    124.7120 cm^-1  (      3.7388 THz )
      6    124.7120 cm^-1  (      3.7388 THz )
      7    367.8558 cm^-1  (     11.0280 THz )
      8    393.8968 cm^-1  (     11.8087 THz )
      9    393.8968 cm^-1  (     11.8087 THz )
     10    434.5757 cm^-1  (     13.0283 THz )
     11    453.2479 cm^-1  (     13.5880 THz )
     12    453.2479 cm^-1  (     13.5880 THz )
     13    480.5528 cm^-1  (     14.4066 THz )
     14    484.0489 cm^-1  (     14.5114 THz )
     15    816.2573 cm^-1  (     24.4708 THz )

 # k point   224 : (  0.5000,  0.5000,  0.3100)
   Mode, Frequency 
      1    -62.1251 cm^-1  (     -1.8625 THz )
      2    103.1176 cm^-1  (      3.0914 THz )
      3    103.1176 cm^-1  (      3.0914 THz )
      4    122.3497 cm^-1  (      3.6680 THz )
      5    124.1426 cm^-1  (      3.7217 THz )
      6    124.1426 cm^-1  (      3.7217 THz )
      7    361.0742 cm^-1  (     10.8247 THz )
      8    391.7007 cm^-1  (     11.7429 THz )
      9    391.7007 cm^-1  (     11.7429 THz )
     10    435.3772 cm^-1  (     13.0523 THz )
     11    454.3729 cm^-1  (     13.6218 THz )
     12    454.3729 cm^-1  (     13.6218 THz )
     13    480.8027 cm^-1  (     14.4141 THz )
     14    484.9656 cm^-1  (     14.5389 THz )
     15    815.0031 cm^-1  (     24.4332 THz )

 # k point   225 : (  0.5000,  0.5000,  0.3000)
   Mode, Frequency 
      1    -60.6172 cm^-1  (     -1.8173 THz )
      2    110.9164 cm^-1  (      3.3252 THz )
      3    110.9164 cm^-1  (      3.3252 THz )
      4    121.5702 cm^-1  (      3.6446 THz )
      5    123.5586 cm^-1  (      3.7042 THz )
      6    123.5586 cm^-1  (      3.7042 THz )
      7    353.9870 cm^-1  (     10.6123 THz )
      8    389.4683 cm^-1  (     11.6760 THz )
      9    389.4683 cm^-1  (     11.6760 THz )
     10    436.1977 cm^-1  (     13.0769 THz )
     11    455.4673 cm^-1  (     13.6546 THz )
     12    455.4673 cm^-1  (     13.6546 THz )
     13    480.9937 cm^-1  (     14.4198 THz )
     14    485.9036 cm^-1  (     14.5670 THz )
     15    813.7538 cm^-1  (     24.3957 THz )

 # k point   226 : (  0.5000,  0.5000,  0.2900)
   Mode, Frequency 
      1    -59.0386 cm^-1  (     -1.7699 THz )
      2    118.4619 cm^-1  (      3.5514 THz )
      3    118.4619 cm^-1  (      3.5514 THz )
      4    120.7684 cm^-1  (      3.6205 THz )
      5    122.9680 cm^-1  (      3.6865 THz )
      6    122.9680 cm^-1  (      3.6865 THz )
      7    346.6041 cm^-1  (     10.3909 THz )
      8    387.1989 cm^-1  (     11.6079 THz )
      9    387.1989 cm^-1  (     11.6079 THz )
     10    437.0337 cm^-1  (     13.1019 THz )
     11    456.5307 cm^-1  (     13.6864 THz )
     12    456.5307 cm^-1  (     13.6864 THz )
     13    481.1195 cm^-1  (     14.4236 THz )
     14    486.8590 cm^-1  (     14.5957 THz )
     15    812.5176 cm^-1  (     24.3587 THz )

 # k point   227 : (  0.5000,  0.5000,  0.2800)
   Mode, Frequency 
      1    -57.3898 cm^-1  (     -1.7205 THz )
      2    119.9468 cm^-1  (      3.5959 THz )
      3    122.3263 cm^-1  (      3.6672 THz )
      4    122.3263 cm^-1  (      3.6672 THz )
      5    125.8324 cm^-1  (      3.7724 THz )
      6    125.8324 cm^-1  (      3.7724 THz )
      7    338.9364 cm^-1  (     10.1611 THz )
      8    384.8920 cm^-1  (     11.5388 THz )
      9    384.8920 cm^-1  (     11.5388 THz )
     10    437.8821 cm^-1  (     13.1274 THz )
     11    457.5627 cm^-1  (     13.7174 THz )
     12    457.5627 cm^-1  (     13.7174 THz )
     13    481.1748 cm^-1  (     14.4253 THz )
     14    487.8281 cm^-1  (     14.6247 THz )
     15    811.3024 cm^-1  (     24.3222 THz )

 # k point   228 : (  0.5000,  0.5000,  0.2700)
   Mode, Frequency 
      1    -55.6714 cm^-1  (     -1.6690 THz )
      2    119.1085 cm^-1  (      3.5708 THz )
      3    121.7188 cm^-1  (      3.6490 THz )
      4    121.7188 cm^-1  (      3.6490 THz )
      5    132.9682 cm^-1  (      3.9863 THz )
      6    132.9682 cm^-1  (      3.9863 THz )
      7    330.9955 cm^-1  (      9.9230 THz )
      8    382.5470 cm^-1  (     11.4685 THz )
      9    382.5470 cm^-1  (     11.4685 THz )
     10    438.7394 cm^-1  (     13.1531 THz )
     11    458.5627 cm^-1  (     13.7474 THz )
     12    458.5627 cm^-1  (     13.7474 THz )
     13    481.1553 cm^-1  (     14.4247 THz )
     14    488.8069 cm^-1  (     14.6541 THz )
     15    810.1155 cm^-1  (     24.2867 THz )

 # k point   229 : (  0.5000,  0.5000,  0.2600)
   Mode, Frequency 
      1    -53.8839 cm^-1  (     -1.6154 THz )
      2    118.2563 cm^-1  (      3.5452 THz )
      3    121.0949 cm^-1  (      3.6303 THz )
      4    121.0949 cm^-1  (      3.6303 THz )
      5    139.9394 cm^-1  (      4.1953 THz )
      6    139.9394 cm^-1  (      4.1953 THz )
      7    322.7937 cm^-1  (      9.6771 THz )
      8    380.1636 cm^-1  (     11.3970 THz )
      9    380.1636 cm^-1  (     11.3970 THz )
     10    439.6020 cm^-1  (     13.1789 THz )
     11    459.5304 cm^-1  (     13.7764 THz )
     12    459.5304 cm^-1  (     13.7764 THz )
     13    481.0577 cm^-1  (     14.4217 THz )
     14    489.7916 cm^-1  (     14.6836 THz )
     15    808.9637 cm^-1  (     24.2521 THz )

 # k point   230 : (  0.5000,  0.5000,  0.2500)
   Mode, Frequency 
      1    -52.0276 cm^-1  (     -1.5597 THz )
      2    117.3933 cm^-1  (      3.5194 THz )
      3    120.4656 cm^-1  (      3.6115 THz )
      4    120.4656 cm^-1  (      3.6115 THz )
      5    146.7501 cm^-1  (      4.3995 THz )
      6    146.7501 cm^-1  (      4.3995 THz )
      7    314.3442 cm^-1  (      9.4238 THz )
      8    377.7413 cm^-1  (     11.3244 THz )
      9    377.7413 cm^-1  (     11.3244 THz )
     10    440.4668 cm^-1  (     13.2049 THz )
     11    460.4652 cm^-1  (     13.8044 THz )
     12    460.4652 cm^-1  (     13.8044 THz )
     13    480.8800 cm^-1  (     14.4164 THz )
     14    490.7781 cm^-1  (     14.7132 THz )
     15    807.8531 cm^-1  (     24.2188 THz )

 # k point   231 : (  0.5000,  0.5000,  0.2400)
   Mode, Frequency 
      1    -50.1025 cm^-1  (     -1.5020 THz )
      2    116.5228 cm^-1  (      3.4933 THz )
      3    119.8342 cm^-1  (      3.5925 THz )
      4    119.8342 cm^-1  (      3.5925 THz )
      5    153.4089 cm^-1  (      4.5991 THz )
      6    153.4089 cm^-1  (      4.5991 THz )
      7    305.6613 cm^-1  (      9.1635 THz )
      8    375.2801 cm^-1  (     11.2506 THz )
      9    375.2801 cm^-1  (     11.2506 THz )
     10    441.3301 cm^-1  (     13.2307 THz )
     11    461.3669 cm^-1  (     13.8314 THz )
     12    461.3669 cm^-1  (     13.8314 THz )
     13    480.6214 cm^-1  (     14.4087 THz )
     14    491.7627 cm^-1  (     14.7427 THz )
     15    806.7891 cm^-1  (     24.1869 THz )

 # k point   232 : (  0.5000,  0.5000,  0.2300)
   Mode, Frequency 
      1    -48.1085 cm^-1  (     -1.4423 THz )
      2    115.6481 cm^-1  (      3.4670 THz )
      3    119.2034 cm^-1  (      3.5736 THz )
      4    119.2034 cm^-1  (      3.5736 THz )
      5    159.9228 cm^-1  (      4.7944 THz )
      6    159.9228 cm^-1  (      4.7944 THz )
      7    296.7602 cm^-1  (      8.8966 THz )
      8    372.7798 cm^-1  (     11.1757 THz )
      9    372.7798 cm^-1  (     11.1757 THz )
     10    442.1887 cm^-1  (     13.2565 THz )
     11    462.2349 cm^-1  (     13.8575 THz )
     12    462.2349 cm^-1  (     13.8575 THz )
     13    480.2825 cm^-1  (     14.3985 THz )
     14    492.7414 cm^-1  (     14.7720 THz )
     15    805.7764 cm^-1  (     24.1566 THz )

 # k point   233 : (  0.5000,  0.5000,  0.2200)
   Mode, Frequency 
      1    -46.0451 cm^-1  (     -1.3804 THz )
      2    114.7725 cm^-1  (      3.4408 THz )
      3    118.5758 cm^-1  (      3.5548 THz )
      4    118.5758 cm^-1  (      3.5548 THz )
      5    166.2966 cm^-1  (      4.9854 THz )
      6    166.2966 cm^-1  (      4.9854 THz )
      7    287.6575 cm^-1  (      8.6238 THz )
      8    370.2405 cm^-1  (     11.0995 THz )
      9    370.2405 cm^-1  (     11.0995 THz )
     10    443.0391 cm^-1  (     13.2820 THz )
     11    463.0689 cm^-1  (     13.8825 THz )
     12    463.0689 cm^-1  (     13.8825 THz )
     13    479.8650 cm^-1  (     14.3860 THz )
     14    493.7105 cm^-1  (     14.8011 THz )
     15    804.8186 cm^-1  (     24.1279 THz )

 # k point   234 : (  0.5000,  0.5000,  0.2100)
   Mode, Frequency 
      1    -43.9111 cm^-1  (     -1.3164 THz )
      2    113.8998 cm^-1  (      3.4146 THz )
      3    117.9538 cm^-1  (      3.5362 THz )
      4    117.9538 cm^-1  (      3.5362 THz )
      5    172.5337 cm^-1  (      5.1724 THz )
      6    172.5337 cm^-1  (      5.1724 THz )
      7    278.3710 cm^-1  (      8.3454 THz )
      8    367.6629 cm^-1  (     11.0223 THz )
      9    367.6629 cm^-1  (     11.0223 THz )
     10    443.8780 cm^-1  (     13.3071 THz )
     11    463.8685 cm^-1  (     13.9064 THz )
     12    463.8685 cm^-1  (     13.9064 THz )
     13    479.3723 cm^-1  (     14.3712 THz )
     14    494.6662 cm^-1  (     14.8297 THz )
     15    803.9188 cm^-1  (     24.1009 THz )

 # k point   235 : (  0.5000,  0.5000,  0.2000)
   Mode, Frequency 
      1    -41.7048 cm^-1  (     -1.2503 THz )
      2    113.0333 cm^-1  (      3.3887 THz )
      3    117.3401 cm^-1  (      3.5178 THz )
      4    117.3401 cm^-1  (      3.5178 THz )
      5    178.6362 cm^-1  (      5.3554 THz )
      6    178.6362 cm^-1  (      5.3554 THz )
      7    268.9204 cm^-1  (      8.0620 THz )
      8    365.0475 cm^-1  (     10.9438 THz )
      9    365.0475 cm^-1  (     10.9438 THz )
     10    444.7023 cm^-1  (     13.3318 THz )
     11    464.6334 cm^-1  (     13.9294 THz )
     12    464.6334 cm^-1  (     13.9294 THz )
     13    478.8088 cm^-1  (     14.3543 THz )
     14    495.6047 cm^-1  (     14.8579 THz )
     15    803.0790 cm^-1  (     24.0757 THz )

 # k point   236 : (  0.5000,  0.5000,  0.1900)
   Mode, Frequency 
      1    -39.4235 cm^-1  (     -1.1819 THz )
      2    112.1769 cm^-1  (      3.3630 THz )
      3    116.7371 cm^-1  (      3.4997 THz )
      4    116.7371 cm^-1  (      3.4997 THz )
      5    184.6049 cm^-1  (      5.5343 THz )
      6    184.6049 cm^-1  (      5.5343 THz )
      7    259.3271 cm^-1  (      7.7744 THz )
      8    362.3955 cm^-1  (     10.8643 THz )
      9    362.3955 cm^-1  (     10.8643 THz )
     10    445.5086 cm^-1  (     13.3560 THz )
     11    465.3631 cm^-1  (     13.9512 THz )
     12    465.3631 cm^-1  (     13.9512 THz )
     13    478.1802 cm^-1  (     14.3355 THz )
     14    496.5226 cm^-1  (     14.8854 THz )
     15    802.3006 cm^-1  (     24.0524 THz )

 # k point   237 : (  0.5000,  0.5000,  0.1800)
   Mode, Frequency 
      1    -37.0633 cm^-1  (     -1.1111 THz )
      2    111.3343 cm^-1  (      3.3377 THz )
      3    116.1472 cm^-1  (      3.4820 THz )
      4    116.1472 cm^-1  (      3.4820 THz )
      5    190.4396 cm^-1  (      5.7092 THz )
      6    190.4396 cm^-1  (      5.7092 THz )
      7    249.6146 cm^-1  (      7.4833 THz )
      8    359.7086 cm^-1  (     10.7838 THz )
      9    359.7086 cm^-1  (     10.7838 THz )
     10    446.2940 cm^-1  (     13.3796 THz )
     11    466.0573 cm^-1  (     13.9720 THz )
     12    466.0573 cm^-1  (     13.9720 THz )
     13    477.4937 cm^-1  (     14.3149 THz )
     14    497.4163 cm^-1  (     14.9122 THz )
     15    801.5838 cm^-1  (     24.0309 THz )

 # k point   238 : (  0.5000,  0.5000,  0.1700)
   Mode, Frequency 
      1    -34.6183 cm^-1  (     -1.0378 THz )
      2    110.5092 cm^-1  (      3.3130 THz )
      3    115.5729 cm^-1  (      3.4648 THz )
      4    115.5729 cm^-1  (      3.4648 THz )
      5    196.1388 cm^-1  (      5.8801 THz )
      6    196.1388 cm^-1  (      5.8801 THz )
      7    239.8091 cm^-1  (      7.1893 THz )
      8    356.9891 cm^-1  (     10.7023 THz )
      9    356.9891 cm^-1  (     10.7023 THz )
     10    447.0553 cm^-1  (     13.4024 THz )
     11    466.7158 cm^-1  (     13.9918 THz )
     12    466.7158 cm^-1  (     13.9918 THz )
     13    476.7571 cm^-1  (     14.2928 THz )
     14    498.2824 cm^-1  (     14.9381 THz )
     15    800.9283 cm^-1  (     24.0112 THz )

 # k point   239 : (  0.5000,  0.5000,  0.1600)
   Mode, Frequency 
      1    -32.0798 cm^-1  (     -0.9617 THz )
      2    109.7054 cm^-1  (      3.2889 THz )
      3    115.0167 cm^-1  (      3.4481 THz )
      4    115.0167 cm^-1  (      3.4481 THz )
      5    201.6999 cm^-1  (      6.0468 THz )
      6    201.6999 cm^-1  (      6.0468 THz )
      7    229.9400 cm^-1  (      6.8934 THz )
      8    354.2400 cm^-1  (     10.6198 THz )
      9    354.2400 cm^-1  (     10.6198 THz )
     10    447.7898 cm^-1  (     13.4244 THz )
     11    467.3382 cm^-1  (     14.0104 THz )
     12    467.3382 cm^-1  (     14.0104 THz )
     13    475.9797 cm^-1  (     14.2695 THz )
     14    499.1176 cm^-1  (     14.9632 THz )
     15    800.3332 cm^-1  (     23.9934 THz )

 # k point   240 : (  0.5000,  0.5000,  0.1500)
   Mode, Frequency 
      1    -29.4351 cm^-1  (     -0.8824 THz )
      2    108.9267 cm^-1  (      3.2655 THz )
      3    114.4808 cm^-1  (      3.4320 THz )
      4    114.4808 cm^-1  (      3.4320 THz )
      5    207.1190 cm^-1  (      6.2093 THz )
      6    207.1190 cm^-1  (      6.2093 THz )
      7    220.0402 cm^-1  (      6.5966 THz )
      8    351.4654 cm^-1  (     10.5367 THz )
      9    351.4654 cm^-1  (     10.5367 THz )
     10    448.4946 cm^-1  (     13.4455 THz )
     11    467.9243 cm^-1  (     14.0280 THz )
     12    467.9243 cm^-1  (     14.0280 THz )
     13    475.1713 cm^-1  (     14.2453 THz )
     14    499.9189 cm^-1  (     14.9872 THz )
     15    799.7968 cm^-1  (     23.9773 THz )

 # k point   241 : (  0.5000,  0.5000,  0.1400)
   Mode, Frequency 
      1    -26.6645 cm^-1  (     -0.7994 THz )
      2    108.1768 cm^-1  (      3.2431 THz )
      3    113.9675 cm^-1  (      3.4167 THz )
      4    113.9675 cm^-1  (      3.4167 THz )
      5    210.1473 cm^-1  (      6.3001 THz )
      6    212.3909 cm^-1  (      6.3673 THz )
      7    212.3909 cm^-1  (      6.3673 THz )
      8    348.6705 cm^-1  (     10.4529 THz )
      9    348.6705 cm^-1  (     10.4529 THz )
     10    449.1671 cm^-1  (     13.4657 THz )
     11    468.4737 cm^-1  (     14.0445 THz )
     12    468.4737 cm^-1  (     14.0445 THz )
     13    474.3424 cm^-1  (     14.2204 THz )
     14    500.6832 cm^-1  (     15.0101 THz )
     15    799.3167 cm^-1  (     23.9629 THz )

 # k point   242 : (  0.5000,  0.5000,  0.1300)
   Mode, Frequency 
      1    -23.7371 cm^-1  (     -0.7116 THz )
      2    107.4595 cm^-1  (      3.2216 THz )
      3    113.4790 cm^-1  (      3.4020 THz )
      4    113.4790 cm^-1  (      3.4020 THz )
      5    200.3042 cm^-1  (      6.0050 THz )
      6    217.5083 cm^-1  (      6.5207 THz )
      7    217.5083 cm^-1  (      6.5207 THz )
      8    345.8623 cm^-1  (     10.3687 THz )
      9    345.8623 cm^-1  (     10.3687 THz )
     10    449.8047 cm^-1  (     13.4848 THz )
     11    468.9863 cm^-1  (     14.0599 THz )
     12    468.9863 cm^-1  (     14.0599 THz )
     13    473.5041 cm^-1  (     14.1953 THz )
     14    501.4077 cm^-1  (     15.0318 THz )
     15    798.8904 cm^-1  (     23.9501 THz )

 # k point   243 : (  0.5000,  0.5000,  0.1200)
   Mode, Frequency 
      1    -20.6000 cm^-1  (     -0.6176 THz )
      2    106.7783 cm^-1  (      3.2011 THz )
      3    113.0174 cm^-1  (      3.3882 THz )
      4    113.0174 cm^-1  (      3.3882 THz )
      5    190.5604 cm^-1  (      5.7129 THz )
      6    222.4619 cm^-1  (      6.6692 THz )
      7    222.4619 cm^-1  (      6.6692 THz )
      8    343.0498 cm^-1  (     10.2844 THz )
      9    343.0498 cm^-1  (     10.2844 THz )
     10    450.4051 cm^-1  (     13.5028 THz )
     11    469.4617 cm^-1  (     14.0741 THz )
     12    469.4617 cm^-1  (     14.0741 THz )
     13    472.6678 cm^-1  (     14.1702 THz )
     14    502.0897 cm^-1  (     15.0523 THz )
     15    798.5147 cm^-1  (     23.9389 THz )

 # k point   244 : (  0.5000,  0.5000,  0.1100)
   Mode, Frequency 
      1    -17.1545 cm^-1  (     -0.5143 THz )
      2    106.1369 cm^-1  (      3.1819 THz )
      3    112.5847 cm^-1  (      3.3752 THz )
      4    112.5847 cm^-1  (      3.3752 THz )
      5    180.9735 cm^-1  (      5.4254 THz )
      6    227.2397 cm^-1  (      6.8125 THz )
      7    227.2397 cm^-1  (      6.8125 THz )
      8    340.2444 cm^-1  (     10.2003 THz )
      9    340.2444 cm^-1  (     10.2003 THz )
     10    450.9659 cm^-1  (     13.5196 THz )
     11    469.8999 cm^-1  (     14.0872 THz )
     12    469.8999 cm^-1  (     14.0872 THz )
     13    471.8451 cm^-1  (     14.1456 THz )
     14    502.7267 cm^-1  (     15.0714 THz )
     15    798.1864 cm^-1  (     23.9290 THz )

 # k point   245 : (  0.5000,  0.5000,  0.1000)
   Mode, Frequency 
      1    -13.1801 cm^-1  (     -0.3951 THz )
      2    105.5384 cm^-1  (      3.1640 THz )
      3    112.1828 cm^-1  (      3.3632 THz )
      4    112.1828 cm^-1  (      3.3632 THz )
      5    171.6108 cm^-1  (      5.1448 THz )
      6    231.8262 cm^-1  (      6.9500 THz )
      7    231.8262 cm^-1  (      6.9500 THz )
      8    337.4613 cm^-1  (     10.1168 THz )
      9    337.4613 cm^-1  (     10.1168 THz )
     10    451.4852 cm^-1  (     13.5352 THz )
     11    470.3006 cm^-1  (     14.0993 THz )
     12    470.3006 cm^-1  (     14.0993 THz )
     13    471.0474 cm^-1  (     14.1216 THz )
     14    503.3163 cm^-1  (     15.0890 THz )
     15    797.9021 cm^-1  (     23.9205 THz )

 # k point   246 : (  0.5000,  0.5000,  0.0900)
   Mode, Frequency 
      1     -7.9467 cm^-1  (     -0.2382 THz )
      2    104.9863 cm^-1  (      3.1474 THz )
      3    111.8136 cm^-1  (      3.3521 THz )
      4    111.8136 cm^-1  (      3.3521 THz )
      5    162.5511 cm^-1  (      4.8732 THz )
      6    236.2013 cm^-1  (      7.0811 THz )
      7    236.2013 cm^-1  (      7.0811 THz )
      8    334.7199 cm^-1  (     10.0347 THz )
      9    334.7199 cm^-1  (     10.0347 THz )
     10    451.9610 cm^-1  (     13.5494 THz )
     11    470.2861 cm^-1  (     14.0988 THz )
     12    470.6636 cm^-1  (     14.1101 THz )
     13    470.6636 cm^-1  (     14.1101 THz )
     14    503.8565 cm^-1  (     15.1052 THz )
     15    797.6581 cm^-1  (     23.9132 THz )

 # k point   247 : (  0.5000,  0.5000,  0.0800)
   Mode, Frequency 
      1      6.0811 cm^-1  (      0.1823 THz )
      2    104.4834 cm^-1  (      3.1323 THz )
      3    111.4785 cm^-1  (      3.3420 THz )
      4    111.4785 cm^-1  (      3.3420 THz )
      5    153.8868 cm^-1  (      4.6134 THz )
      6    240.3395 cm^-1  (      7.2052 THz )
      7    240.3395 cm^-1  (      7.2052 THz )
      8    332.0452 cm^-1  (      9.9545 THz )
      9    332.0452 cm^-1  (      9.9545 THz )
     10    452.3915 cm^-1  (     13.5624 THz )
     11    469.5720 cm^-1  (     14.0774 THz )
     12    470.9889 cm^-1  (     14.1199 THz )
     13    470.9889 cm^-1  (     14.1199 THz )
     14    504.3451 cm^-1  (     15.1199 THz )
     15    797.4509 cm^-1  (     23.9070 THz )

 # k point   248 : (  0.5000,  0.5000,  0.0700)
   Mode, Frequency 
      1     11.2375 cm^-1  (      0.3369 THz )
      2    104.0327 cm^-1  (      3.1188 THz )
      3    111.1792 cm^-1  (      3.3331 THz )
      4    111.1792 cm^-1  (      3.3331 THz )
      5    145.7255 cm^-1  (      4.3687 THz )
      6    244.2080 cm^-1  (      7.3212 THz )
      7    244.2080 cm^-1  (      7.3212 THz )
      8    329.4695 cm^-1  (      9.8772 THz )
      9    329.4695 cm^-1  (      9.8772 THz )
     10    452.7752 cm^-1  (     13.5739 THz )
     11    468.9152 cm^-1  (     14.0577 THz )
     12    471.2761 cm^-1  (     14.1285 THz )
     13    471.2761 cm^-1  (     14.1285 THz )
     14    504.7806 cm^-1  (     15.1329 THz )
     15    797.2773 cm^-1  (     23.9018 THz )

 # k point   249 : (  0.5000,  0.5000,  0.0600)
   Mode, Frequency 
      1     14.2969 cm^-1  (      0.4286 THz )
      2    103.6366 cm^-1  (      3.1069 THz )
      3    110.9170 cm^-1  (      3.3252 THz )
      4    110.9170 cm^-1  (      3.3252 THz )
      5    138.1915 cm^-1  (      4.1429 THz )
      6    247.7652 cm^-1  (      7.4278 THz )
      7    247.7652 cm^-1  (      7.4278 THz )
      8    327.0338 cm^-1  (      9.8042 THz )
      9    327.0338 cm^-1  (      9.8042 THz )
     10    453.1106 cm^-1  (     13.5839 THz )
     11    468.3253 cm^-1  (     14.0400 THz )
     12    471.5253 cm^-1  (     14.1360 THz )
     13    471.5253 cm^-1  (     14.1360 THz )
     14    505.1612 cm^-1  (     15.1444 THz )
     15    797.1339 cm^-1  (     23.8975 THz )

 # k point   250 : (  0.5000,  0.5000,  0.0500)
   Mode, Frequency 
      1     16.4631 cm^-1  (      0.4936 THz )
      2    103.2974 cm^-1  (      3.0968 THz )
      3    110.6931 cm^-1  (      3.3185 THz )
      4    110.6931 cm^-1  (      3.3185 THz )
      5    131.4246 cm^-1  (      3.9400 THz )
      6    250.9595 cm^-1  (      7.5236 THz )
      7    250.9595 cm^-1  (      7.5236 THz )
      8    324.7894 cm^-1  (      9.7369 THz )
      9    324.7894 cm^-1  (      9.7369 THz )
     10    453.3965 cm^-1  (     13.5925 THz )
     11    467.8108 cm^-1  (     14.0246 THz )
     12    471.7364 cm^-1  (     14.1423 THz )
     13    471.7364 cm^-1  (     14.1423 THz )
     14    505.4856 cm^-1  (     15.1541 THz )
     15    797.0180 cm^-1  (     23.8940 THz )

 # k point   251 : (  0.5000,  0.5000,  0.0400)
   Mode, Frequency 
      1     18.0530 cm^-1  (      0.5412 THz )
      2    103.0172 cm^-1  (      3.0884 THz )
      3    110.5085 cm^-1  (      3.3130 THz )
      4    110.5085 cm^-1  (      3.3130 THz )
      5    125.5778 cm^-1  (      3.7647 THz )
      6    253.7280 cm^-1  (      7.6066 THz )
      7    253.7280 cm^-1  (      7.6066 THz )
      8    322.7986 cm^-1  (      9.6773 THz )
      9    322.7986 cm^-1  (      9.6773 THz )
     10    453.6319 cm^-1  (     13.5995 THz )
     11    467.3792 cm^-1  (     14.0117 THz )
     12    471.9091 cm^-1  (     14.1475 THz )
     13    471.9091 cm^-1  (     14.1475 THz )
     14    505.7526 cm^-1  (     15.1621 THz )
     15    796.9268 cm^-1  (     23.8913 THz )

 # k point   252 : (  0.5000,  0.5000,  0.0300)
   Mode, Frequency 
      1     19.2047 cm^-1  (      0.5757 THz )
      2    102.7974 cm^-1  (      3.0818 THz )
      3    110.3640 cm^-1  (      3.3086 THz )
      4    110.3640 cm^-1  (      3.3086 THz )
      5    120.8091 cm^-1  (      3.6218 THz )
      6    255.9987 cm^-1  (      7.6746 THz )
      7    255.9987 cm^-1  (      7.6746 THz )
      8    321.1331 cm^-1  (      9.6273 THz )
      9    321.1331 cm^-1  (      9.6273 THz )
     10    453.8158 cm^-1  (     13.6051 THz )
     11    467.0368 cm^-1  (     14.0014 THz )
     12    472.0436 cm^-1  (     14.1515 THz )
     13    472.0436 cm^-1  (     14.1515 THz )
     14    505.9613 cm^-1  (     15.1683 THz )
     15    796.8582 cm^-1  (     23.8892 THz )

 # k point   253 : (  0.5000,  0.5000,  0.0200)
   Mode, Frequency 
      1     19.9898 cm^-1  (      0.5993 THz )
      2    102.6395 cm^-1  (      3.0771 THz )
      3    110.2603 cm^-1  (      3.3055 THz )
      4    110.2603 cm^-1  (      3.3055 THz )
      5    117.2701 cm^-1  (      3.5157 THz )
      6    257.6954 cm^-1  (      7.7255 THz )
      7    257.6954 cm^-1  (      7.7255 THz )
      8    319.8689 cm^-1  (      9.5894 THz )
      9    319.8689 cm^-1  (      9.5894 THz )
     10    453.9477 cm^-1  (     13.6090 THz )
     11    466.7886 cm^-1  (     13.9940 THz )
     12    472.1397 cm^-1  (     14.1544 THz )
     13    472.1397 cm^-1  (     14.1544 THz )
     14    506.1109 cm^-1  (     15.1728 THz )
     15    796.8105 cm^-1  (     23.8878 THz )

 # k point   254 : (  0.5000,  0.5000,  0.0100)
   Mode, Frequency 
      1     20.4476 cm^-1  (      0.6130 THz )
      2    102.5444 cm^-1  (      3.0742 THz )
      3    110.1979 cm^-1  (      3.3036 THz )
      4    110.1979 cm^-1  (      3.3036 THz )
      5    115.0887 cm^-1  (      3.4503 THz )
      6    258.7477 cm^-1  (      7.7571 THz )
      7    258.7477 cm^-1  (      7.7571 THz )
      8    319.0762 cm^-1  (      9.5657 THz )
      9    319.0762 cm^-1  (      9.5657 THz )
     10    454.0270 cm^-1  (     13.6114 THz )
     11    466.6382 cm^-1  (     13.9895 THz )
     12    472.1973 cm^-1  (     14.1561 THz )
     13    472.1973 cm^-1  (     14.1561 THz )
     14    506.2008 cm^-1  (     15.1755 THz )
     15    796.7824 cm^-1  (     23.8869 THz )

 # k point   255 : (  0.5000,  0.5000,  0.0000)
   Mode, Frequency 
      1     20.5981 cm^-1  (      0.6175 THz )
      2    102.5127 cm^-1  (      3.0733 THz )
      3    110.1770 cm^-1  (      3.3030 THz )
      4    110.1770 cm^-1  (      3.3030 THz )
      5    114.3514 cm^-1  (      3.4282 THz )
      6    259.1047 cm^-1  (      7.7678 THz )
      7    259.1047 cm^-1  (      7.7678 THz )
      8    318.8058 cm^-1  (      9.5576 THz )
      9    318.8058 cm^-1  (      9.5576 THz )
     10    454.0535 cm^-1  (     13.6122 THz )
     11    466.5878 cm^-1  (     13.9879 THz )
     12    472.2166 cm^-1  (     14.1567 THz )
     13    472.2166 cm^-1  (     14.1567 THz )
     14    506.2309 cm^-1  (     15.1764 THz )
     15    796.7731 cm^-1  (     23.8867 THz )


 -----------------------------------------------------------------

 The following files are created: 
  STO222.bands       : Phonon band structure

 Job finished at Sun Aug  4 23:45:55 2024

